,0
0,<pad>
1,<unk>
2,사랑
3,마음
4,im
5,어도
6,어요
7,다시
8,like
9,생각
10,oh
11,love
12,처럼
13,know
14,버리
15,사람
16,어서
17,ㄹ까
18,baby
19,그대
20,오늘
21,나의
22,이제
23,못하
24,ㄴ다
25,모르
26,지금
27,기억
28,세상
29,내가
30,모든
31,너무
32,아도
33,행복
34,그리하
35,는데
36,말하
37,바람
38,순간
39,yeah
40,너와
41,아직
42,하루
43,wanna
44,want
45,어야
46,없이
47,go
48,uh
49,매일
50,cant
51,아요
52,만나
53,보이
54,그냥
55,la
56,time
57,기다리
58,잖아
59,아서
60,ㄹ래
61,say
62,one
63,그렇
64,아프
65,보다
66,beep
67,으면
68,night
69,got
70,bad
71,정말
72,눈물
73,ㄴ데
74,feel
75,을까
76,ㄹ게
77,가슴
78,이야
79,하늘
80,let
81,인생
82,get
83,그러
84,모습
85,이렇
86,내리
87,노래
88,ㄹ지
89,원하
90,바라보
91,heart
92,ill
93,해지
94,느끼
95,그리
96,아무
97,예쁘
98,every
99,추억
100,다고
101,사라지
102,니까
103,서로
104,괜찮
105,떠나
106,나요
107,가득
108,see
109,gonna
110,way
111,come
112,향기
113,힘들
114,빛나
115,가지
116,make
117,다면
118,run
119,never
120,여자
121,back
122,많이
123,woo
124,나르
125,멈추
126,어떻
127,day
128,항상
129,미안
130,girl
131,소리
132,사이
133,한번
134,ㄴ지
135,다가
136,머리
137,따르
138,내일
139,바라
140,나오
141,ㄴ다고
142,라고
143,기분
144,라도
145,멀리
146,떨어지
147,만들
148,지우
149,찾아오
150,달리
151,대로
152,star
153,구름
154,그립
155,지나가
156,좋아하
157,bae
158,smoothie
159,ㅂ니다
160,진짜
161,지나
162,자꾸
163,take
164,흐르
165,tell
166,보내
167,미치
168,위하
169,아름답
170,친구
171,면서
172,keep
173,부르
174,without
175,away
176,life
177,미소
178,변하
179,give
180,고서
181,이별
182,처음
183,떠나가
184,영원
185,good
186,거리
187,ㄴ다면
188,ㄹ라
189,마지막
190,cause
191,언제나
192,필요
193,이유
194,계속
195,need
196,still
197,채우
198,always
199,심장
200,think
201,play
202,는지
203,라면
204,돌아가
205,mind
206,사실
207,어리
208,기에
209,이름
210,그날
211,햇살
212,빠지
213,going
214,light
215,얘기
216,이미
217,향하
218,후회
219,ㄴ가
220,그런
221,자리
222,live
223,dance
224,얼굴
225,어제
226,끝나
227,stay
228,너르
229,오빠
230,잠들
231,돌아오
232,old
233,please
234,감정
235,그대로
236,세월
237,점점
238,right
239,안되
240,hey
241,으며
242,떨리
243,바보
244,ah
245,비추
246,나도
247,어쩌
248,지치
249,숨기
250,ㄹ게요
251,그것
252,웃음
253,lie
254,dream
255,밖에
256,살아가
257,high
258,anti
259,거나
260,영원히
261,으니
262,차갑
263,시작
264,가끔
265,해보
266,boogie
267,lets
268,약속
269,에는
270,goal
271,그만
272,rider
273,발걸음
274,마다
275,다가오
276,바래
277,wish
278,주세
279,벚꽃
280,rolling
281,네요
282,걱정
283,even
284,바다
285,스럽
286,전하
287,상처
288,반복
289,남기
290,바쁘
291,뜨겁
292,어떡하
293,사진
294,오오
295,babe
296,thats
297,break
298,전화
299,ya
300,의미
301,어둡
302,call
303,fly
304,하얗
305,eyes
306,꽃잎
307,보여주
308,아무것
309,could
310,find
311,은데
312,fall
313,stop
314,당기
315,feeling
316,피어나
317,black
318,이야기
319,수많
320,new
321,도록
322,계절
323,worry
324,교회
325,로또
326,이렇게
327,이루
328,아주
329,아래
330,어둠
331,stupid
332,touch
333,흔들
334,boy
335,절대
336,제일
337,음악
338,제발
339,거짓말
340,빨리
341,기로
342,오르
343,설레
344,어느새
345,어깨
346,슬프
347,world
348,헤어지
349,불어오
350,care
351,흘러가
352,shine
353,을래
354,ㄴ다는
355,때문
356,안녕
357,천천히
358,소중
359,라는
360,fire
361,맞추
362,아픔
363,broken
364,가장
365,가요
366,이리
367,느낌
368,아무렇
369,따스
370,아침
371,따뜻
372,기대
373,달콤
374,눈빛
375,민수
376,deep
377,취하
378,put
379,여도
380,현실
381,에요
382,지키
383,외치
384,몰르
385,ooh
386,blue
387,무너지
388,마시
389,가보
390,미련
391,antihero
392,hero
393,잊히
394,rode
395,세요
396,aint
397,멋지
398,붙잡
399,okay
400,어렵
401,그리움
402,ive
403,라서
404,려고
405,반짝이
406,goin
407,걸음
408,game
409,level
410,story
411,찬란
412,wassup
413,cuz
414,고맙
415,rappahohik
416,일상
417,고백
418,dreams
419,떠올리
420,far
421,익숙
422,너무나
423,번지
424,다는
425,hold
426,종일
427,smile
428,용기
429,흐리
430,가리
431,better
432,다르
433,bang
434,남자
435,고민
436,lost
437,die
438,everything
439,돌리
440,새롭
441,슬픔
442,지내
443,이러
444,alone
445,show
446,super
447,안기
448,듯이
449,그녀
450,시선
451,really
452,쌓이
453,피우
454,나누
455,흩어지
456,어지럽
457,외롭
458,together
459,나라
460,겨울
461,준비
462,said
463,자고
464,필요없
465,ride
466,들어오
467,look
468,mine
469,well
470,달려가
471,hope
472,표정
473,펑펑
474,side
475,머릿속
476,나쁘
477,ready
478,엄마
479,shit
480,도망가
481,먼저
482,가만히
483,days
484,gone
485,비우
486,시원
487,waiting
488,ok
489,터지
490,던지
491,yuh
492,뭐하
493,불르
494,새벽
495,견디
496,em
497,tonight
498,위험
499,어색
500,아름
501,대이
502,ra
503,힘센
504,stand
505,감추
506,가사
507,들리
508,무디
509,떠오르
510,공기
511,상상
512,희망
513,자유
514,만이
515,damage
516,파도
517,believe
518,가도
519,두렵
520,아냐
521,happy
522,little
523,leave
524,춤추
525,behavior
526,꿈꾸
527,ㄹ수록
528,꺼지
529,pull
530,있었
531,더라
532,skoot
533,two
534,이대로
535,블루스
536,head
537,그림자
538,지네
539,흘리
540,한테
541,듯하
542,city
543,fast
544,한국
545,miss
546,listen
547,머물
548,위로
549,face
550,정말로
551,나랑
552,펼쳐지
553,느껴지
554,봄날
555,한잔
556,빠져들
557,환하
558,물들
559,그곳
560,잘나
561,shining
562,feels
563,pop
564,세계
565,새기
566,일어나
567,matter
568,huh
569,서울
570,nothin
571,hard
572,더하
573,stars
574,데리
575,가볍
576,구나
577,이란
578,done
579,나비
580,자꾸만
581,우연히
582,everybody
583,freaky
584,ta
585,yes
586,sheesh
587,dari
588,군산
589,속삭이
590,마주치
591,대하
592,바꾸
593,목소리
594,적시
595,sky
596,name
597,watch
598,도망치
599,real
600,아마
601,하다
602,진심
603,똑같
604,hate
605,태양
606,나무
607,close
608,coming
609,돌아보
610,조금씩
611,butterfly
612,잎새
613,미래
614,잘하
615,선명
616,으니까
617,날씨
618,간직
619,마이크
620,운명
621,공간
622,머무르
623,맡기
624,커지
625,무겁
626,turn
627,hoo
628,깨우
629,피해
630,가득히
631,us
632,alright
633,흔들리
634,노을
635,midnight
636,택배
637,rain
638,멀리서
639,till
640,마법
641,달라지
642,따라가
643,불빛
644,부족
645,tight
646,fight
647,자연스레
648,날아가
649,cannot
650,나가
651,end
652,귀엽
653,hear
654,존재
655,문득
656,달빛
657,ha
658,무섭
659,아무리
660,소리치
661,another
662,끝내
663,영화
664,한참
665,birthday
666,마음속
667,already
668,tip
669,dive
670,비밀
671,money
672,벌써
673,먼지
674,배우
675,태어나
676,들어가
677,bye
678,bout
679,홀로
680,bitch
681,바뀌
682,근데
683,선물
684,더욱
685,온기
686,표현
687,repotory
688,closely
689,귀기울이
690,자가
691,소리지르
692,홀리
693,nothing
694,이기
695,try
696,knows
697,모이
698,흘르
699,넘기
700,가기
701,wait
702,울리
703,웅위
704,떠오
705,beautiful
706,bring
707,이끌리
708,사랑이
709,맴돌
710,closer
711,환상
712,쓰라리
713,드리우
714,징글징글
715,삼키
716,flow
717,포기
718,falling
719,넘어지
720,오래
721,인사
722,시절
723,날으
724,몰래
725,연락
726,pain
727,기회
728,애써
729,흔적
730,friend
731,두고
732,번째
733,renegade
734,어머니
735,살아오
736,어라
737,모래
738,ever
739,sip
740,돌이키
741,zingzingzing
742,hide
743,걸어가
744,이해
745,꿈속
746,여운
747,다행
748,afraid
749,드리
750,대도
751,신경
752,평생
753,해내
754,나아가
755,water
756,고양이
757,특별
758,change
759,기도
760,강물
761,담기
762,갈래
763,whats
764,불안
765,그림
766,희미
767,별빛
768,생기
769,요즘
770,looking
771,퍼지
772,sad
773,getting
774,어울리
775,놓치
776,slow
777,피어오르
778,inside
779,last
780,쓰리
781,넘치
782,ㄹ까요
783,눈부시
784,청춘
785,deny
786,true
787,da
788,hush
789,흩날리
790,누군가
791,무지개
792,bararam
793,리라
794,꼬꼬
795,cream
796,유난히
797,heyday
798,원망
799,youth
800,통해
801,없었
802,고개
803,정도
804,날리
805,정신
806,믿음
807,먹이
808,핸드폰
809,언니
810,fake
811,연기
812,나한
813,여행
814,밤새
815,guess
816,비치
817,alive
818,thinking
819,그리워하
820,bounce
821,진실
822,higher
823,평범
824,깊이
825,을게
826,much
827,해피엔딩
828,phone
829,sometimes
830,forever
831,control
832,연습
833,와요
834,오예
835,chocolate
836,들려오
837,살이
838,except
839,고향
840,쏘맥
841,귀찮
842,gotta
843,toe
844,어차피
845,밤하늘
846,잃어버리
847,부시
848,잊어버리
849,used
850,lose
851,대답
852,선택
853,이나
854,침묵
855,기쁨
856,내보
857,인연
858,가족
859,plus
860,body
861,다그
862,지도
863,버티
864,imma
865,잡히
866,말리
867,마주하
868,이끌
869,결말
870,round
871,타오르
872,척하
873,피부
874,장난
875,부서지
876,siren
877,hot
878,sweet
879,영혼
880,magnetic
881,dashdada
882,understand
883,things
884,빠빠빠빠빠
885,checked
886,mean
887,reason
888,hyper
889,long
890,car
891,뻔하
892,피하
893,made
894,거기
895,도시
896,벗어나
897,새끼
898,불꽃
899,memories
900,place
901,래퍼
902,nobody
903,pour
904,커피
905,사랑받
906,boom
907,갈게
908,감사
909,따라오
910,다네
911,거울
912,다니
913,whole
914,빙빙
915,미워하
916,낯설
917,스치
918,고통
919,그렇게
920,dear
921,핑계
922,움직이
923,맛있
924,beat
925,follow
926,umm
927,ㄹ래요
928,na
929,지배
930,피어
931,신화
932,아가씨
933,아리
934,맥주
935,부담
936,talk
937,tomorrow
938,어야지
939,들이
940,걸리
941,원해
942,과거
943,scene
944,일찍
945,lonely
946,everyday
947,든지
948,나이
949,편안
950,못나
951,간절
952,올리
953,태우
954,대체
955,물어보
956,fade
957,elevate
958,눈치
959,remember
960,step
961,시작하
962,거지
963,생명
964,동물
965,한숨
966,웃기
967,people
968,sleep
969,shots
970,sing
971,low
972,되돌리
973,확실
974,말로
975,생일
976,ye
977,bolo
978,죽음
979,이대
980,서툴
981,loving
982,지금지금
983,두드리
984,기적
985,cry
986,would
987,mamacita
988,발자국
989,ㅂ시다
990,fuego
991,당연
992,쏟아지
993,연인
994,넘어가
995,독도
996,갈매기
997,완벽
998,달이
999,챙기
1000,rock
1001,전혀
1002,시련
1003,높이
1004,song
1005,어른
1006,원래
1007,외로
1008,흐릿
1009,return
1010,journey
1011,알아주
1012,담배
1013,모금
1014,알아보
1015,sun
1016,오만
1017,매력
1018,walking
1019,고치
1020,새겨지
1021,발견
1022,왠지
1023,외로움
1024,주변
1025,wake
1026,화려
1027,떠나버리
1028,확인
1029,솔직
1030,손잡
1031,봐주
1032,바퀴
1033,을까요
1034,cold
1035,손가락
1036,행운
1037,watching
1038,psycho
1039,color
1040,fallin
1041,헷갈리
1042,너머
1043,꺼내
1044,가을
1045,아기
1046,대전
1047,nectar
1048,walk
1049,지요
1050,아무런
1051,ㄴ가요
1052,hy
1053,tonic
1054,내사
1055,wrong
1056,distance
1057,living
1058,밝히
1059,박살
1060,rap
1061,다짐
1062,woah
1063,가치
1064,예전
1065,중요
1066,모으
1067,빠르
1068,드라마
1069,실수
1070,vibe
1071,배달
1072,색깔
1073,무언가
1074,smoke
1075,는가
1076,하단
1077,갇히
1078,offlimits
1079,best
1080,조명
1081,갑자기
1082,maybe
1083,nope
1084,idol
1085,또다시
1086,set
1087,brain
1088,피곤
1089,헤매이
1090,감각
1091,니깐
1092,같어
1093,으려
1094,놓이
1095,whatever
1096,통하
1097,music
1098,bed
1099,hand
1100,싸우
1101,에어팟
1102,전원
1103,bubble
1104,마주
1105,답답
1106,가버리
1107,아쉽
1108,푸른
1109,말없이
1110,strong
1111,home
1112,perfect
1113,오랜
1114,trying
1115,rush
1116,eh
1117,온종일
1118,아른거리
1119,울적
1120,질르
1121,anything
1122,catch
1123,거칠
1124,입술
1125,한없이
1126,달려오
1127,축하
1128,다정
1129,moonlight
1130,스며들
1131,makes
1132,고프
1133,뒷모습
1134,part
1135,loose
1136,apart
1137,bla
1138,애정
1139,괴물
1140,dark
1141,가라
1142,제자리
1143,practice
1144,edit
1145,thunder
1146,younger
1147,gaslight
1148,보시
1149,scar
1150,start
1151,가까이
1152,sorry
1153,아깝
1154,와사비
1155,리듬
1156,게임
1157,여름
1158,신나
1159,착각
1160,성공
1161,해진
1162,인정
1163,making
1164,실패
1165,관심
1166,눈앞
1167,주인공
1168,told
1169,man
1170,신발
1171,around
1172,웃음소리
1173,drink
1174,예술
1175,tryna
1176,forget
1177,보세
1178,내려놓
1179,행동
1180,자주
1181,거대
1182,올라가
1183,mayday
1184,미루
1185,노력
1186,말자
1187,받으
1188,communication
1189,오지
1190,지겹
1191,머금
1192,고요
1193,ice
1194,나타나
1195,theres
1196,fine
1197,적막
1198,시도
1199,memory
1200,창밖
1201,minute
1202,방안
1203,something
1204,drive
1205,pray
1206,roll
1207,en
1208,얼어붙
1209,우산
1210,부끄럽
1211,welcome
1212,스토리
1213,아빠
1214,첫눈
1215,running
1216,hottie
1217,filter
1218,promise
1219,애태우
1220,없잖
1221,잖아요
1222,서투르
1223,모험
1224,새하얗
1225,빠빠빠
1226,간장
1227,계란밥
1228,여유
1229,잘못
1230,taste
1231,반기
1232,아가
1233,rooftop
1234,보물
1235,눈꽃
1236,아아
1237,따듯
1238,귓가
1239,help
1240,whenever
1241,지나오
1242,사연
1243,야지
1244,이여
1245,하세
1246,인생길
1247,reset
1248,다가가
1249,card
1250,한계
1251,power
1252,이거
1253,소년
1254,king
1255,끌리
1256,막히
1257,빵빵
1258,인걸
1259,words
1260,lights
1261,버릇
1262,기억나
1263,버스
1264,우울
1265,잠기
1266,심심
1267,창문
1268,이치
1269,연결
1270,으면서
1271,시키
1272,쓰이
1273,party
1274,매이
1275,가야
1276,voice
1277,아버지
1278,걸치
1279,가두
1280,푸르
1281,씨앗
1282,조용히
1283,hello
1284,whos
1285,fuck
1286,하면
1287,dirty
1288,fear
1289,gon
1290,문제
1291,공허
1292,상관
1293,먹히
1294,신이
1295,더니
1296,locked
1297,망가지
1298,소음
1299,수요
1300,예배
1301,amen
1302,두려움
1303,괴롭히
1304,쓰러지
1305,도착
1306,시들
1307,yellow
1308,slide
1309,소주
1310,kiss
1311,찾아보
1312,cat
1313,이제야
1314,초콜릿
1315,댄스
1316,weve
1317,sway
1318,truth
1319,얼른
1320,crush
1321,물들이
1322,네모
1323,메마르
1324,따리
1325,샤바
1326,엇갈리
1327,이어지
1328,arms
1329,놀랍
1330,wonder
1331,candy
1332,사르르
1333,rainbow
1334,들어보
1335,대화
1336,살짝
1337,짬뽕
1338,hurt
1339,오랫동안
1340,순수
1341,황홀
1342,반쯤
1343,훨훨
1344,부드럽
1345,송이
1346,ㄴ단
1347,가라앉
1348,수줍
1349,금방
1350,외면
1351,우연
1352,비가
1353,반쪽
1354,sweetest
1355,편지
1356,lava
1357,포근
1358,leaving
1359,weather
1360,허공
1361,지난날
1362,라이
1363,웬수
1364,피네
1365,스띠
1366,단풍
1367,empath
1368,blessing
1369,tik
1370,완전
1371,바지
1372,shout
1373,아물
1374,언제쯤
1375,yo
1376,앨범
1377,역시
1378,부수
1379,무대
1380,여러
1381,위치
1382,조각
1383,여전
1384,yea
1385,을지
1386,act
1387,여태
1388,chasing
1389,괜히
1390,채로
1391,paranoid
1392,이쁘
1393,날개
1394,있음
1395,바램
1396,ay
1397,오래되
1398,찰나
1399,세우
1400,저녁
1401,자연
1402,신비
1403,욕심
1404,cool
1405,flame
1406,darkness
1407,sure
1408,trip
1409,slowly
1410,blind
1411,bra
1412,darkest
1413,moment
1414,정하
1415,flower
1416,ends
1417,though
1418,sign
1419,찢어지
1420,망설이
1421,거래
1422,easy
1423,되살리
1424,거스르
1425,같애
1426,rose
1427,찾아가
1428,반응
1429,끌어안
1430,카페
1431,려는
1432,save
1433,착하
1434,시계
1435,수록
1436,온몸
1437,keeps
1438,heartbeat
1439,summer
1440,설명
1441,blah
1442,만남
1443,녹아내리
1444,살랑거리
1445,들려주
1446,waste
1447,말투
1448,하고프
1449,며칠
1450,지켜보
1451,들이키
1452,중심
1453,girls
1454,honey
1455,addicted
1456,view
1457,soul
1458,belong
1459,차오르
1460,고이
1461,생각나
1462,시리
1463,고는
1464,미워지
1465,쓸쓸
1466,돌아서
1467,모질
1468,멍하니
1469,하루하루
1470,말거
1471,때쯤
1472,편하
1473,반하
1474,대신
1475,아쉬움
1476,learn
1477,ways
1478,언덕
1479,잔잔
1480,everyones
1481,somewhere
1482,storm
1483,산책
1484,shape
1485,감싸안
1486,아리랑
1487,ohh
1488,봄꽃
1489,마니
1490,deepest
1491,dog
1492,소서
1493,옥이
1494,pains
1495,crazy
1496,talking
1497,즐기
1498,cash
1499,comet
1500,죽이
1501,push
1502,여기저기
1503,이건
1504,보석
1505,쳐다보
1506,솔직히
1507,못되
1508,조이
1509,저물
1510,상관없
1511,올르
1512,집중
1513,변함없
1514,계획
1515,키우
1516,took
1517,left
1518,street
1519,found
1520,room
1521,메모
1522,인간
1523,ㄹ라고
1524,침대
1525,바닥
1526,bish
1527,덕분
1528,마냥
1529,향수
1530,구하
1531,언어
1532,다시금
1533,힘차
1534,수백
1535,망하
1536,보내주
1537,scare
1538,저리
1539,어두
1540,길이
1541,수도
1542,장면
1543,kind
1544,조심스레
1545,창가
1546,lil
1547,read
1548,spray
1549,밀리
1550,마르
1551,가시
1552,꼬집
1553,하염없이
1554,금세
1555,슬퍼지
1556,nights
1557,을께
1558,drowning
1559,정리
1560,상황
1561,비슷하
1562,mad
1563,번호
1564,green
1565,pass
1566,바치
1567,내주
1568,으려고
1569,녹이
1570,move
1571,아보
1572,reboot
1573,continue
1574,분위기
1575,마라
1576,맨날
1577,버블
1578,holy
1579,틀리
1580,special
1581,뒤돌
1582,future
1583,동네
1584,거짓
1585,들키
1586,ima
1587,happiness
1588,어딘가
1589,손짓
1590,hurry
1591,times
1592,mess
1593,yet
1594,door
1595,bright
1596,부딪히
1597,해맑
1598,그리워지
1599,bit
1600,unfolds
1601,꿈같
1602,chemistry
1603,meet
1604,verified
1605,feedin
1606,delusions
1607,delululu
1608,뒤돌아보
1609,scream
1610,오시
1611,레야
1612,발끝
1613,moon
1614,어디쯤
1615,건네
1616,을래요
1617,아득히
1618,아파하
1619,밀려오
1620,온통
1621,칵테일
1622,전시회장
1623,편질
1624,anywhere
1625,우주
1626,종이
1627,커다랗
1628,만지
1629,mouse
1630,대역
1631,재연
1632,cried
1633,chambers
1634,bruce
1635,recombination
1636,professional
1637,coastal
1638,brand
1639,wednesday
1640,wind
1641,sea
1642,nightmare
1643,육식
1644,서이
1645,랄랄
1646,늑대
1647,swim
1648,숨쉬
1649,pump
1650,gray
1651,품속
1652,거두
1653,이요
1654,걸어오
1655,다다
1656,사나이
1657,호미
1658,재우
1659,regret
1660,tok
1661,중독
1662,최고
1663,box
1664,무한
1665,끝없
1666,스타일
1667,iam
1668,south
1669,top
1670,꼭대기
1671,royal
1672,실력
1673,하기
1674,새로
1675,웠지
1676,지나치
1677,들어주
1678,drop
1679,갈수록
1680,자식
1681,멍청이
1682,천장
1683,당하
1684,glow
1685,doubt
1686,problem
1687,내버리
1688,배고프
1689,떠들
1690,따로
1691,보여
1692,stick
1693,drip
1694,big
1695,모레
1696,이따
1697,말르
1698,비싸
1699,온전히
1700,test
1701,smooth
1702,hesitate
1703,데려가
1704,다리
1705,환히
1706,열정
1707,season
1708,만끽
1709,말해
1710,else
1711,buy
1712,지새우
1713,mc
1714,차례
1715,갈대
1716,좀더
1717,냄새
1718,발목
1719,wah
1720,무릎
1721,수가
1722,멍청
1723,목숨
1724,입가
1725,우리네
1726,부리
1727,자라
1728,물결
1729,카메라
1730,lot
1731,known
1732,morning
1733,loud
1734,soon
1735,ugh
1736,서두르
1737,뛰어들
1738,만난
1739,moments
1740,애타
1741,주문
1742,하필
1743,정답
1744,열리
1745,drama
1746,자체
1747,빗물
1748,hop
1749,나지
1750,깨지
1751,해결
1752,hang
1753,shadow
1754,driving
1755,길래
1756,건느
1757,이르
1758,소망
1759,용서
1760,쳐주
1761,friends
1762,방식
1763,느리
1764,feelin
1765,shawty
1766,살며시
1767,못다
1768,다하
1769,hands
1770,maze
1771,파티
1772,oowee
1773,lemonade
1774,사뿐
1775,설레이
1776,olive
1777,ocean
1778,stuff
1779,샤넬
1780,켜지
1781,아파지
1782,장식
1783,정적
1784,에에
1785,흘러내리
1786,채워지
1787,spotlight
1788,awoo
1789,유일
1790,한걸음
1791,가깝
1792,노랗
1793,활짝
1794,후보
1795,파랗
1796,출발
1797,ㅁ에도
1798,아득
1799,트리
1800,highs
1801,lows
1802,고르
1803,한편
1804,이토록
1805,서서히
1806,내밀
1807,가로
1808,봄바람
1809,anymore
1810,아련
1811,골목길
1812,꽃향기
1813,someone
1814,ones
1815,소란
1816,보고
1817,모자라
1818,허락
1819,내려앉
1820,오후
1821,일초
1822,아끼
1823,called
1824,곱씹
1825,빗소리
1826,속이
1827,날아오
1828,날아오르
1829,상냥
1830,다오
1831,might
1832,turns
1833,던데
1834,빗방울
1835,universe
1836,somehow
1837,그만이
1838,가져가
1839,floor
1840,path
1841,맞닿
1842,스쳐가
1843,leaves
1844,awake
1845,대여
1846,제자리걸음
1847,싱글벙글
1848,mama
1849,의리
1850,에너지
1851,네온
1852,greeds
1853,work
1854,diamond
1855,으러
1856,맘대로
1857,cappers
1858,땡기
1859,hiphopstar
1860,길거리
1861,stronger
1862,불가능
1863,제대로
1864,건들
1865,뱉어
1866,투성이
1867,기계
1868,시체
1869,주인
1870,유전자
1871,닥치
1872,id
1873,무심코
1874,기어코
1875,빈자리
1876,rhythm
1877,pieces
1878,track
1879,진지
1880,지장
1881,et
1882,캐리어
1883,욕하
1884,carry
1885,shii
1886,때리
1887,clouds
1888,lit
1889,테이블
1890,뿌리
1891,선생
1892,살아남
1893,유령
1894,불타오르
1895,seoul
1896,스타
1897,없다
1898,이기적
1899,시기
1900,질투
1901,비굴
1902,damn
1903,sight
1904,대충
1905,돌아다니
1906,힙합
1907,밀지
1908,fucking
1909,작업
1910,minus
1911,bank
1912,account
1913,잔고
1914,정해지
1915,묻히
1916,red
1917,어루만지
1918,굴리
1919,straight
1920,deal
1921,duke
1922,first
1923,rich
1924,항시
1925,backpack
1926,ambitions
1927,distress
1928,고작
1929,흩뿌리
1930,까맣
1931,번쩍
1932,훔치
1933,ㄴ다네
1934,떠돌
1935,손길
1936,과녁
1937,today
1938,바닷가
1939,기대어
1940,거든
1941,찰칵
1942,block
1943,바리
1944,소용없
1945,shot
1946,수천
1947,fam
1948,clean
1949,장의
1950,road
1951,붉어지
1952,이후
1953,benz
1954,late
1955,skies
1956,says
1957,낭만
1958,cut
1959,burn
1960,근대
1961,jump
1962,허전
1963,사과
1964,pick
1965,nice
1966,맺히
1967,헤엄치
1968,혹시나
1969,마음껏
1970,자매
1971,상태
1972,빌려주
1973,나란히
1974,그려지
1975,school
1976,조심
1977,wild
1978,아름다움
1979,니요
1980,fold
1981,raw
1982,goat
1983,church
1984,ministry
1985,hisotry
1986,거꾸로
1987,gg
1988,오해
1989,runnin
1990,freedom
1991,free
1992,lay
1993,bomb
1994,seen
1995,끊어지
1996,brace
1997,꼬이
1998,zip
1999,눈동자
2000,모아
2001,trouble
2002,waves
2003,빨개지
2004,burning
2005,가늘
2006,lookin
2007,분명
2008,space
2009,favorites
2010,trendy
2011,filters
2012,tap
2013,reality
2014,behind
2015,타이밍
2016,deja
2017,vu
2018,giving
2019,달라붙
2020,whisper
2021,tie
2022,기울이
2023,illusion
2024,빠빠빠빠
2025,queen
2026,절망
2027,한입
2028,캔버스
2029,chest
2030,고장
2031,매달리
2032,wave
2033,흉터
2034,지진
2035,국물
2036,끝내주
2037,면발
2038,주저
2039,hell
2040,성심
2041,시다
2042,마리
2043,누나
2044,sns
2045,click
2046,한때
2047,불타
2048,을수록
2049,바삭바삭
2050,underneath
2051,bird
2052,cage
2053,이만
2054,마침표
2055,깊어지
2056,초라
2057,놓아주
2058,송두리째
2059,안부
2060,외로워
2061,방향
2062,묻어두
2063,fairytales
2064,나가보
2065,청혼
2066,부디
2067,ㄴ걸요
2068,이잉
2069,위이
2070,내도
2071,다그치
2072,달아나
2073,눈부심
2074,계단
2075,lying
2076,pinko
2077,달래
2078,서글프
2079,한동안
2080,들판
2081,fell
2082,지금껏
2083,습관
2084,벅차
2085,벼락
2086,살랑살랑
2087,살랑
2088,이놈
2089,공백
2090,seed
2091,이파
2092,선수
2093,build
2094,shelter
2095,peckish
2096,restaurant
2097,decisions
2098,가능
2099,훗날
2100,비워두
2101,anytime
2102,mi
2103,화가
2104,풀리
2105,궁금하
2106,예고
2107,adios
2108,뛰어오
2109,벙글
2110,지긋지긋
2111,지긋
2112,mother
2113,석양
2114,부딪치
2115,여지없
2116,어기
2117,어차
2118,하구
2119,달달
2120,물씬
2121,거라
2122,보리밭
2123,스물
2124,fail
2125,rainy
2126,ㄴ걸
2127,일식
2128,결혼
2129,louder
2130,하지
2131,gang
2132,상대
2133,original
2134,self
2135,무시
2136,꿀리
2137,가르치
2138,개소리
2139,박히
2140,참으
2141,이랑
2142,두리
2143,복잡
2144,정신없이
2145,두개
2146,그냥저냥
2147,단어
2148,은지
2149,에다
2150,단순
2151,도보
2152,embrace
2153,roam
2154,unfold
2155,hiphop
2156,complete
2157,finally
2158,이제서야
2159,machine
2160,일으키
2161,치우
2162,세수
2163,문자
2164,재밌
2165,ass
2166,thank
2167,흔하
2168,하자
2169,씌우
2170,살리
2171,반대
2172,hometown
2173,어김없이
2174,서럽
2175,위기
2176,앞날
2177,미지
2178,답장
2179,이루어지
2180,젊음
2181,숙이
2182,열매
2183,자연계
2184,벌레
2185,별로
2186,지루
2187,은하수
2188,수목
2189,지독
2190,화살
2191,cafe
2192,parttimer
2193,middle
2194,일어
2195,좋아지
2196,기지
2197,picture
2198,wanted
2199,started
2200,birds
2201,treading
2202,dying
2203,flowers
2204,praying
2205,돈다발
2206,um
2207,세계로
2208,puff
2209,dumb
2210,놀라
2211,주라
2212,서둘
2213,변명
2214,messed
2215,escape
2216,뿌옇
2217,clear
2218,비웃
2219,펼치
2220,어쩜
2221,그거
2222,막막
2223,관계
2224,past
2225,within
2226,second
2227,숫자
2228,peace
2229,야위
2230,지새
2231,goodbye
2232,calling
2233,애초
2234,주신
2235,라인
2236,지혜
2237,따지
2238,결과
2239,everyone
2240,endless
2241,억지로
2242,한가득
2243,증거
2244,프리
2245,나인
2246,발전
2247,찾아내
2248,single
2249,dress
2250,full
2251,조급
2252,went
2253,hearts
2254,아마도
2255,안해
2256,버겁
2257,애쓰
2258,연애
2259,loves
2260,감당
2261,벼랑
2262,plz
2263,완전히
2264,소녀
2265,ringing
2266,lover
2267,luv
2268,thing
2269,boys
2270,굳이
2271,trick
2272,dancing
2273,rules
2274,proud
2275,many
2276,어쩌면
2277,three
2278,four
2279,산뜻
2280,궁금
2281,시끄럽
2282,도대체
2283,쳇바퀴
2284,걷잡
2285,honest
2286,comes
2287,fades
2288,woman
2289,수놓
2290,하나쯤
2291,바퀴벌레
2292,사뿐사뿐
2293,그릇
2294,oohyeah
2295,feelings
2296,꾸미
2297,기울어지
2298,편히
2299,든든
2300,breath
2301,adrenaline
2302,scent
2303,닫히
2304,open
2305,문제없
2306,일렁이
2307,shake
2308,멋있
2309,피고
2310,치킨
2311,깜깜
2312,god
2313,투명
2314,laysha
2315,바싹
2316,몽땅
2317,금빛
2318,찬란히
2319,토록
2320,내버려두
2321,눈가
2322,차마
2323,그만큼
2324,속삭임
2325,방울
2326,한순간
2327,수없이
2328,올려다보
2329,오래전
2330,우습
2331,나날
2332,확신
2333,그치
2334,울먹이
2335,풍경
2336,화내
2337,잡지
2338,간대
2339,시가
2340,말하기
2341,어쩌다
2342,강하
2343,passing
2344,moonlit
2345,불현듯
2346,상처받
2347,반짝반짝
2348,물이
2349,되질
2350,잔상
2351,싫어하
2352,반이
2353,감싸
2354,유행
2355,teach
2356,near
2357,different
2358,피드
2359,눌르
2360,gift
2361,알아차리
2362,눈송이
2363,살포시
2364,끝없이
2365,miles
2366,기쁘
2367,엔진
2368,가줘
2369,낙엽
2370,더이상
2371,hug
2372,촉촉
2373,쿵쿵
2374,허리
2375,years
2376,holiday
2377,나아
2378,sense
2379,이내
2380,questions
2381,굳세
2382,hypertonic
2383,standing
2384,는걸요
2385,여정
2386,게요
2387,가슴속
2388,강변
2389,막차
2390,변함없이
2391,ㄴ들데
2392,일장
2393,춘몽
2394,야속
2395,나팔
2396,아라
2397,일생
2398,일대
2399,최대
2400,시게
2401,배송
2402,소설
2403,가는대
2404,우윳빛
2405,양파
2406,스윗스
2407,dizzy
2408,spend
2409,과하
2410,뭐래
2411,거침없이
2412,사치
2413,art
2414,적응
2415,대한민국
2416,자랑
2417,끼리끼리
2418,자신감
2419,목표
2420,협곡
2421,과시
2422,본성
2423,무색
2424,경고
2425,question
2426,녹슬
2427,초록색
2428,태연
2429,모자
2430,겠어
2431,abyss
2432,기르
2433,이십
2434,한가지
2435,듣기
2436,계란
2437,수십
2438,연속
2439,미리
2440,퍼즐
2441,ashes
2442,beats
2443,shadows
2444,echo
2445,silence
2446,누르
2447,fa
2448,피터팬
2449,og
2450,꼽사리
2451,특히
2452,팬스
2453,thumbs
2454,wrist
2455,신기
2456,smoking
2457,괴상
2458,물고기
2459,화장실
2460,공부
2461,에피소드
2462,상담
2463,확보
2464,breathe
2465,서른
2466,밥벌이
2467,줄다리기
2468,vision
2469,기구
2470,가면
2471,traviss
2472,check
2473,follower
2474,트로피
2475,개념
2476,캐나다
2477,시차
2478,책가방
2479,웨이
2480,surp
2481,이브
2482,부탁
2483,lalalala
2484,부질없
2485,한번쯤
2486,둘르
2487,해석
2488,어떡
2489,fit
2490,마디
2491,한눈
2492,wall
2493,빛바래
2494,played
2495,knock
2496,내려가
2497,열심히
2498,끄떡없
2499,험난
2500,사정
2501,타고나
2502,거세
2503,영향
2504,비바람
2505,어떠하
2506,fever
2507,스킬
2508,hitting
2509,실망
2510,match
2511,maserati
2512,직진
2513,빼곡
2514,뒤지
2515,고뇌
2516,broke
2517,깨닫
2518,햇빛
2519,감동
2520,래왔
2521,혜원이
2522,차리
2523,어느덧
2524,트라
2525,우마
2526,이의
2527,라네
2528,무리
2529,호기심
2530,페이지
2531,근원
2532,산소
2533,헛되
2534,섞이
2535,fan
2536,장전
2537,saying
2538,someday
2539,jeff
2540,pussy
2541,찌르
2542,시험
2543,came
2544,hopeless
2545,favorite
2546,waters
2547,freely
2548,cheap
2549,turned
2550,남아돌
2551,꽃다발
2552,패턴
2553,heavy
2554,ladies
2555,foolish
2556,마을
2557,riding
2558,전화기
2559,네가
2560,ghost
2561,진정
2562,erase
2563,안주
2564,떠밀리
2565,스스로
2566,빌어먹
2567,shooting
2568,구조
2569,대가
2570,줄이
2571,upon
2572,꺼뜨리
2573,목적
2574,거니
2575,뻔뻔
2576,cams
2577,쟤넨
2578,dancin
2579,wit
2580,kicks
2581,소원
2582,질리
2583,잘못하
2584,되묻
2585,fighting
2586,앵글
2587,호흡
2588,싸움
2589,met
2590,재고
2591,sticked
2592,떠내
2593,가만
2594,버거
2595,자구
2596,service
2597,여사
2598,이웃
2599,혹여
2600,미움
2601,주체
2602,나뭇가지
2603,똑같이
2604,불편
2605,는다는
2606,책임지
2607,절대로
2608,호구
2609,아야지
2610,건조
2611,riders
2612,뺏어
2613,기만
2614,알리
2615,hit
2616,돌려주
2617,trabaye
2618,당황
2619,공주
2620,건강
2621,갈라지
2622,무조건
2623,구라
2624,danger
2625,아찔
2626,midas
2627,되돌아가
2628,박차
2629,구요
2630,응원
2631,answer
2632,quiet
2633,breeze
2634,거닐
2635,까마득
2636,뺏기
2637,stage
2638,chance
2639,daddys
2640,nasty
2641,naughty
2642,sweetie
2643,breaking
2644,대지
2645,winter
2646,oo
2647,자석
2648,magnetized
2649,dashda
2650,dash
2651,진해
2652,하려
2653,커튼
2654,을게요
2655,swallow
2656,광고
2657,맹세
2658,everythings
2659,goes
2660,헤매
2661,뜻대로
2662,warm
2663,surround
2664,melt
2665,kids
2666,ur
2667,timing
2668,trust
2669,눈망울
2670,꼬리
2671,벌이
2672,palette
2673,다채
2674,purple
2675,채워진
2676,계약서
2677,숨소리
2678,맘속
2679,해하
2680,온도
2681,단비
2682,김치
2683,깨어나
2684,생글생글
2685,핑글핑글
2686,쎄근쎄
2687,쫄깃
2688,fangs
2689,야성
2690,howling
2691,growling
2692,숨차
2693,흥얼거리
2694,grab
2695,missing
2696,대전역
2697,예예
2698,전진
2699,주저앉
2700,고소한
2701,이드
2702,skip
2703,공감
2704,붙이
2705,젖어들
2706,turning
2707,remedy
2708,가나
2709,cho
2710,고소
2711,입안
2712,메이
2713,오로라
2714,chu
2715,melody
2716,showtime
2717,galaxy
2718,slip
2719,라요
2720,두근두근
2721,추운
2722,첫사랑
2723,달르
2724,이상적
2725,손끝
2726,밤새우
2727,밟히
2728,나위
2729,인하
2730,괜하
2731,사소
2732,울음소리
2733,별다르
2734,wandering
2735,gaze
2736,띄우
2737,떨치
2738,르트
2739,피아노
2740,협주곡
2741,우체국
2742,bite
2743,switch
2744,liying
2745,멜로디
2746,벤치
2747,thoughts
2748,along
2749,heavens
2750,탓하
2751,기운
2752,몰라주
2753,편의
2754,survive
2755,brighter
2756,별일
2757,하리
2758,구르
2759,무게
2760,지옥
2761,맞이하
2762,민들레
2763,아들
2764,유혹
2765,데려오
2766,아낌없이
2767,헤치
2768,통화
2769,세시
2770,여명
2771,anyway
2772,either
2773,height
2774,티크
2775,우아
2776,여성
2777,수년
2778,크리스
2779,생로
2780,단건
2781,여요
2782,통화료
2783,부과
2784,그딴
2785,작심
2786,삼일
2787,waterfall
2788,exhausting
2789,spill
2790,데이
2791,array
2792,darlin
2793,word
2794,즐거우
2795,강아지
2796,twisted
2797,souls
2798,runs
2799,blood
2800,찌지
2801,covering
2802,혼동
2803,오랜만
2804,자그마
2805,슬쩍
2806,뛰놀
2807,바람결
2808,시들어가
2809,그럴듯하
2810,보자
2811,reach
2812,잽싸
2813,도망
2814,눈뜨
2815,성격
2816,finer
2817,rari
2818,책임
2819,돌아
2820,힘세
2821,중이
2822,입맞추
2823,divine
2824,enjoy
2825,actually
2826,ground
2827,서서
2828,가세
2829,자국
2830,충전
2831,착착
2832,numb
2833,ㄹ러라
2834,traces
2835,malibu
2836,drugweed
2837,drugzen
2838,drugtap
2839,lsd
2840,swiping
2841,swerving
2842,unknown
2843,trials
2844,tall
2845,망치
2846,미숙
2847,defying
2848,lines
2849,tears
2850,샛노랗
2851,느라
2852,demons
2853,색상
2854,쿠키
2855,demonio
2856,coffee
2857,guitar
2858,몰아치
2859,휘몰아치
2860,worst
2861,차가워지
2862,snowflake
2863,kneel
2864,phantom
2865,must
2866,드디어
2867,시어
2868,선생님
2869,메가
2870,yeyeye
2871,잔잔히
2872,keepin
2873,이슬
2874,맞서
2875,쿠빌
2876,냅두
2877,콩닥
2878,온대
2879,두근대
2880,superstitious
2881,death
2882,그토록
2883,불쌍
2884,remain
2885,머나멀
2886,어쩐지
2887,몹시
2888,멸망
2889,그이
2890,저만치
2891,fill
2892,소나기
2893,distant
2894,삶이
2895,착시
2896,랍니다
2897,저장
2898,문드러지
2899,만취
2900,주막
2901,더냐
2902,팡팡
2903,가수
2904,월화
2905,목축
2906,너무너무
2907,저랬다
2908,오신
2909,마세
2910,사로잡
2911,저미
2912,구미호
2913,빠바
2914,조사
2915,일일이
2916,호수
2917,캄캄하
2918,계세
2919,물음표
2920,느낌표
2921,모노톤
2922,작아지
2923,천국
2924,외투
2925,father
2926,growing
2927,older
2928,scared
2929,폴트
2930,비틀거리
2931,흔들거리
2932,기꺼이
2933,쵸콜릿
2934,calls
2935,mistakes
2936,choice
2937,못살
2938,mood
2939,pillow
2940,lovely
2941,어질
2942,시침
2943,두발
2944,매콤
2945,혀끝
2946,사비
2947,unstoppable
2948,손안
2949,압도
2950,미스
2951,생활
2952,타고
2953,질문
2954,규칙
2955,bling
2956,추위
2957,부산
2958,반지
2959,수고
2960,년도
2961,비비
2962,어딨
2963,부자
2964,수준
2965,각오
2966,관통
2967,고급
2968,차이
2969,장비
2970,꼬맹이
2971,rank
2972,좌절
2973,장난치
2974,팔리
2975,불만
2976,명예
2977,체인
2978,병신
2979,터뜨리
2980,놀이
2981,딸리
2982,처리
2983,가다
2984,동시
2985,실컷
2986,막상
2987,puzzle
2988,concrete
2989,soaring
2990,rise
2991,streets
2992,hustle
2993,faded
2994,symphony
2995,struggling
2996,역사
2997,난리
2998,celebrate
2999,트레이너
3000,northface
3001,moncler
3002,year
3003,designer
3004,jeans
3005,phones
3006,퍼센트
3007,방금
3008,낭비
3009,sinner
3010,since
3011,한쪽
3012,거실
3013,헹구
3014,절대적
3015,상기
3016,능력
3017,소통
3018,yah
3019,son
3020,hunnit
3021,racks
3022,bch
3023,huge
3024,기본
3025,marathon
3026,학교
3027,겸손
3028,다치
3029,pops
3030,expanding
3031,followers
3032,penetrate
3033,카페인
3034,동작
3035,dm
3036,구기
3037,비트
3038,gunna
3039,형제
3040,광장
3041,괜시리
3042,gain
3043,뒹굴
3044,마중
3045,payday
3046,일하
3047,heat
3048,회상
3049,벅차오르
3050,흘러나오
3051,때로는
3052,gorgeous
3053,인지
3054,유치
3055,치명적
3056,안전
3057,팔자
3058,흠뻑
3059,숨막히
3060,백지
3061,깊숙히
3062,재차
3063,진동
3064,미학
3065,수풀
3066,우거지
3067,파고들
3068,curious
3069,비하
3070,towards
3071,재미
3072,살기
3073,휴일
3074,지지
3075,알람
3076,반찬
3077,옛날
3078,아스라이
3079,정처
3080,태양빛
3081,어저께
3082,덤덤
3083,노랫말
3084,이런저런
3085,초록빛
3086,숨결
3087,식물
3088,가루
3089,요정
3090,다지만
3091,이네
3092,나뭇잎
3093,둥지
3094,작용
3095,변화
3096,주어지
3097,운동
3098,lonly
3099,보내오
3100,freeze
3101,조용
3102,글자
3103,가자
3104,bottom
3105,ask
3106,renegades
3107,takin
3108,shade
3109,vibes
3110,chase
3111,paint
3112,toes
3113,lord
3114,려면
3115,목적지
3116,번의
3117,의심
3118,우기
3119,가쁘
3120,머린
3121,일기
3122,주면
3123,매섭
3124,뿌리치
3125,void
3126,fucked
3127,허우적
3128,망상
3129,꾸준
3130,기술
3131,dreaming
3132,전개
3133,문장
3134,끼리
3135,차원
3136,hi
3137,movie
3138,fits
3139,tragedy
3140,daydreamin
3141,named
3142,얄밉
3143,mo
3144,mix
3145,lane
3146,circle
3147,믿기
3148,달라
3149,raise
3150,폭풍
3151,ninja
3152,청룡
3153,언월
3154,holding
3155,handle
3156,next
3157,애원
3158,운동장
3159,hip
3160,암호
3161,하루아침
3162,그제
3163,신고
3164,고집
3165,dude
3166,쫓아오
3167,할거
3168,young
3169,사막
3170,protect
3171,연한
3172,비결
3173,한테서
3174,껴안
3175,세끼
3176,존나
3177,trash
3178,liar
3179,fame
3180,knees
3181,til
3182,forgot
3183,tho
3184,darling
3185,drinks
3186,fool
3187,ting
3188,따갑
3189,freak
3190,창백
3191,거슬리
3192,겨누
3193,eat
3194,realize
3195,deeper
3196,droppin
3197,뒤섞이
3198,뒤흔들
3199,이리로
3200,등장
3201,집어치우
3202,제비
3203,boss
3204,singing
3205,chaos
3206,stuck
3207,voices
3208,aftermaths
3209,news
3210,lies
3211,ahead
3212,soar
3213,파란
3214,파편
3215,고장나
3216,화끈하
3217,궁금해하
3218,starlight
3219,guiding
3220,ignites
3221,blaze
3222,spreading
3223,freedoms
3224,wings
3225,bold
3226,마침내
3227,추락
3228,equals
3229,oho
3230,takes
3231,livin
3232,gosh
3233,다시피
3234,blame
3235,안타깝
3236,깊숙이
3237,새빨갛
3238,볼륨
3239,타임
3240,내려오
3241,분홍빛
3242,상자
3243,뒤척이
3244,노란색
3245,붉은색
3246,감고
3247,어만
3248,축복
3249,경험
3250,간절히
3251,괴롭
3252,worries
3253,troubles
3254,grey
3255,sanctuary
3256,walked
3257,front
3258,ring
3259,design
3260,전불
3261,내디디
3262,superwoman
3263,심하
3264,dj
3265,주머니
3266,스르르
3267,산해
3268,진미
3269,주시
3270,emotion
3271,색칠
3272,그려내
3273,겁내
3274,반짝거리
3275,지운
3276,서운
3277,탄성
3278,pumping
3279,pang
3280,brake
3281,회피
3282,허무
3283,뒤집
3284,목마르
3285,지지배배
3286,꼭꼭
3287,imagine
3288,sugar
3289,deserve
3290,permission
3291,음식
3292,문화
3293,사계절
3294,효도
3295,piece
3296,오늘밤
3297,이샤
3298,지하철
3299,투표
3300,옮기
3301,인의
3302,치키
3303,평화
3304,주위
3305,회색
3306,스텝
3307,얽히
3308,ㄴ다구요
3309,yum
3310,caviar
3311,happier
3312,보랏빛
3313,happily
3314,진선미
3315,다홍치마
3316,sunrise
3317,reveal
3318,rewind
3319,바사삭
3320,바삭
3321,튀기
3322,ignore
3323,explore
3324,seven
3325,billion
3326,hits
3327,평온
3328,crown
3329,bliss
3330,반짝
3331,한결같
3332,무심
3333,흘려버리
3334,마신
3335,소심
3336,이불
3337,즐겁
3338,움직임
3339,남한
3340,산성
3341,바닷속
3342,한줄기
3343,체념
3344,스러지
3345,엔딩
3346,날도
3347,다투
3348,비의
3349,서리
3350,가만있
3351,월일
3352,무뚝뚝
3353,깜짝
3354,급하
3355,오래도록
3356,tried
3357,onesided
3358,월은
3359,추거
3360,순간순간
3361,나른
3362,아지랑이
3363,간지럽
3364,종종
3365,crumbling
3366,따분
3367,불어
3368,아련히
3369,치이
3370,내음
3371,는다면
3372,searching
3373,ear
3374,못다하
3375,건너가
3376,곤히
3377,도란도란
3378,잡아달
3379,해변
3380,mm
3381,발짝
3382,불시
3383,빤히
3384,나로
3385,두지
3386,나약
3387,재미없
3388,초조
3389,thought
3390,sunday
3391,무작정
3392,억울
3393,너무하
3394,legs
3395,clue
3396,grace
3397,그늘
3398,부신
3399,위선
3400,쓸모
3401,경기
3402,케잌
3403,애송이
3404,형편없
3405,투수
3406,옷차림
3407,plan
3408,혜성
3409,씻기
3410,단다
3411,온데간데없
3412,쑤시
3413,yeh
3414,wine
3415,treat
3416,체온
3417,비집
3418,bloom
3419,파랑
3420,떠보
3421,진하
3422,선명히
3423,소소
3424,둘러보
3425,비법
3426,수분
3427,비타민
3428,probably
3429,testing
3430,throw
3431,lemons
3432,gamed
3433,serve
3434,acting
3435,레몬
3436,어린애
3437,알아채
3438,lun
3439,dun
3440,untill
3441,dismal
3442,tightly
3443,flashing
3444,iron
3445,화해
3446,잔뜩
3447,공유
3448,자태
3449,mallard
3450,blossom
3451,wasted
3452,resist
3453,heard
3454,그놈
3455,사뿐히
3456,칠하
3457,받아들이
3458,que
3459,el
3460,felt
3461,natural
3462,gravity
3463,pressure
3464,초원
3465,함의
3466,구도
3467,crying
3468,거르
3469,문턱
3470,강인
3471,불사
3472,mom
3473,scars
3474,screaming
3475,일랑
3476,lack
3477,provide
3478,healthy
3479,amount
3480,seem
3481,pouring
3482,seems
3483,모양
3484,romantic
3485,neck
3486,bury
3487,sitting
3488,엉키
3489,수평선
3490,울기
3491,decision
3492,tearing
3493,기사님
3494,easing
3495,스트레스
3496,바이러스
3497,몸짓
3498,leanin
3499,자극
3500,이성
3501,spinnin
3502,늘어지
3503,엄습
3504,복사
3505,눈감
3506,spell
3507,되뇌이
3508,disbelieve
3509,술래
3510,자유로이
3511,치고
3512,마라톤
3513,enough
3514,fanatic
3515,sung
3516,팔다리
3517,동생
3518,skin
3519,downfall
3520,search
3521,탐험
3522,하소
3523,소식
3524,밑바닥
3525,also
3526,보고서
3527,연꽃
3528,무어
3529,귀신
3530,라고요
3531,시렁
3532,어가
3533,everytime
3534,sunshine
3535,submarine
3536,coral
3537,compares
3538,망설임
3539,쓰단
3540,brightness
3541,failed
3542,조각나
3543,losing
3544,prepare
3545,remaining
3546,promises
3547,소멸
3548,돌보
3549,치도
3550,애달프
3551,대박
3552,어찌하
3553,뻥뻥
3554,세상살이
3555,마누라
3556,도도
3557,쇼핑
3558,호탕
3559,알았
3560,는구나
3561,천아
3562,동행
3563,이어도
3564,위해
3565,타향
3566,요리조리
3567,형님
3568,세상사
3569,자그맣
3570,목련
3571,니야
3572,지면
3573,적도
3574,흐느끼
3575,토하
3576,뼈마디
3577,멍멍
3578,개도
3579,본체
3580,돈돈
3581,인생사
3582,새옹
3583,건만
3584,어이하
3585,슬피
3586,화장
3587,동무
3588,정해
3589,실리
3590,트이
3591,일시
3592,호일
3593,되리
3594,항구
3595,마도
3596,로스
3597,주소
3598,으하하
3599,오호호
3600,호호
3601,생도
3602,스미
3603,너울
3604,행복해져라
3605,사월
3606,proclaiming
3607,explode
3608,powers
3609,interchange
3610,glory
3611,꽃구경
3612,려요
3613,역시나
3614,검색
3615,오롯이
3616,활기차
3617,astronaut
3618,pilot
3619,향긋
3620,귀뚜라미
3621,hoppin
3622,fuzzy
3623,starts
3624,뚫어지
3625,필수
3626,곁들이
3627,강렬
3628,알싸
3629,조절
3630,충분
3631,절레절레
3632,헤어
3633,unlimited
3634,카드
3635,테리
3636,질주
3637,한도
3638,결론
3639,makit
3640,대신동
3641,ㄴ다니까
3642,잡수
3643,남쪽
3644,미국
3645,기어
3646,skrr
3647,분노
3648,부모님
3649,철들
3650,총알
3651,꺾이
3652,겹치
3653,orange
3654,되바라지
3655,견고
3656,장르
3657,가꾸
3658,왕관
3659,pay
3660,국가
3661,매연
3662,헤엄
3663,죄인
3664,칼날
3665,끈적거리
3666,지체
3667,예수
3668,집사
3669,도덕
3670,배열
3671,뱃속
3672,체계
3673,시발
3674,걔네
3675,지랄
3676,헛소리
3677,dick
3678,가르
3679,자지
3680,아가리
3681,오기
3682,gave
3683,리에
3684,체력
3685,도전
3686,클라이밍
3687,jumping
3688,깡패
3689,흘려보내
3690,손들
3691,ost
3692,플리
3693,바위
3694,수라
3695,엉덩이
3696,책상
3697,깨끗
3698,추가
3699,lifes
3700,sleeps
3701,retreats
3702,earned
3703,mic
3704,lyrics
3705,echoes
3706,guide
3707,mark
3708,짓밟
3709,야긴
3710,신라
3711,호텔
3712,랍스터
3713,팔로
3714,법석
3715,메이저
3716,신사
3717,구걸
3718,인마
3719,빙하
3720,radio
3721,냄새나
3722,들리지도
3723,gonzo
3724,quiett
3725,얼음
3726,fist
3727,서비스
3728,입이
3729,늘어나
3730,훤히
3731,연도
3732,winner
3733,kid
3734,마포구
3735,망원동
3736,그나마
3737,바깥
3738,블라인드
3739,부엌
3740,베란다
3741,사료
3742,절약
3743,물그릇
3744,똥오줌
3745,블루투스
3746,스피커
3747,오디오
3748,매거진
3749,오줌
3750,효율적
3751,뿌듯
3752,지니
3753,뒷얘기
3754,업무
3755,효율
3756,메일
3757,쓰임
3758,문동
3759,도진
3760,빼내
3761,빠짐없이
3762,고야
3763,몸서리
3764,장래
3765,workin
3766,해외
3767,rest
3768,looks
3769,가능성
3770,zero
3771,허가
3772,필요성
3773,선배
3774,하여간
3775,영광
3776,sol
3777,중력
3778,올리고
3779,작업실
3780,슈슈
3781,영리
3782,차트
3783,쪼개
3784,학원비
3785,대학
3786,처박히
3787,빙이
3788,거저
3789,뭐죠
3790,암시
3791,earnest
3792,뭣같
3793,원인
3794,겁쟁이
3795,무르
3796,악역
3797,자처
3798,짜여지
3799,체스
3800,퍼붓
3801,접근
3802,금지
3803,화면
3804,을걸
3805,embracing
3806,정상
3807,bullsxxx
3808,산타
3809,hxx
3810,cappin
3811,딸기
3812,여신상
3813,지구
3814,motherfucker
3815,바꿔주
3816,잡솨
3817,사지
3818,우중충
3819,brr
3820,믹스
3821,해대
3822,헤드폰
3823,형의
3824,chop
3825,연어
3826,버너
3827,밤공기
3828,state
3829,잔향
3830,basic
3831,thanks
3832,sick
3833,lately
3834,내심
3835,addict
3836,count
3837,개의
3838,더블
3839,copy
3840,theyre
3841,청소
3842,플레이어
3843,곧장
3844,gram
3845,화창
3846,년대
3847,명반
3848,나름
3849,만하
3850,주기
3851,단점
3852,반전
3853,강남
3854,style
3855,인형
3856,같잖
3857,골르
3858,bag
3859,최초
3860,본능
3861,흥분
3862,여태껏
3863,일어서
3864,뜨거워지
3865,flowin
3866,귀납적
3867,메세지
3868,updown
3869,새치
3870,아저씨
3871,새삼
3872,날수
3873,대항해
3874,장치
3875,들어서
3876,투우장
3877,받히
3878,광대
3879,오뚜기
3880,구제
3881,불능
3882,dna
3883,군중
3884,노예
3885,곡예
3886,현란
3887,희열
3888,혈안
3889,강요
3890,갈림길
3891,답변
3892,사차원
3893,환장
3894,백치
3895,아드
3896,수만
3897,인스트
3898,수북히
3899,수반
3900,세차
3901,forest
3902,레이션
3903,내목
3904,샘플러
3905,noise
3906,razor
3907,떠들썩
3908,통일성
3909,거리낌
3910,피드백
3911,미트
3912,끊어치
3913,기합
3914,초식
3915,완성
3916,경쟁심
3917,초월
3918,야생
3919,정글
3920,창호지
3921,경천
3922,동지
3923,머신
3924,다지
3925,맨땅
3926,헤딩
3927,환풍기
3928,rapgym
3929,bother
3930,평가
3931,heading
3932,bitting
3933,kidding
3934,mike
3935,freakin
3936,예술가
3937,springboard
3938,porsche
3939,buffett
3940,등골
3941,부러지
3942,얹히
3943,지폐
3944,flavor
3945,killin
3946,투팍
3947,장애물
3948,fosho
3949,안바래
3950,rapstar
3951,forward
3952,후진
3953,신발끈
3954,연예인
3955,랬지
3956,사빠
3957,문상
3958,방구
3959,라니
3960,틔우
3961,조화
3962,경외
3963,페어리
3964,솜씨
3965,스무
3966,물질
3967,떠다니
3968,인도
3969,노리
3970,ㄴ다지
3971,감상
3972,과학
3973,습기
3974,자라나
3975,고요히
3976,캠핑
3977,자의
3978,may
3979,mistake
3980,courage
3981,필름
3982,야경
3983,깜빡
3984,기차
3985,mufucker
3986,트램
3987,police
3988,재떨이
3989,취급
3990,moving
3991,mob
3992,suck
3993,swear
3994,posters
3995,cards
3996,jokers
3997,controllin
3998,patience
3999,sayin
4000,playing
4001,kill
4002,thru
4003,outside
4004,빨래
4005,새되
4006,입히
4007,유지
4008,전쟁
4009,코미디
4010,stackin
4011,들어맞
4012,rookie
4013,멋쟁이
4014,굽이지
4015,outfit
4016,cielo
4017,lp
4018,skiing
4019,dank
4020,짧아지
4021,버즈
4022,활시위
4023,거칠어지
4024,허물어지
4025,등지
4026,잡고
4027,해명
4028,욕설
4029,맞이
4030,했어도
4031,audi
4032,starry
4033,absence
4034,reaching
4035,mend
4036,torn
4037,sore
4038,page
4039,rewrite
4040,album
4041,blur
4042,방구석
4043,eraser
4044,agony
4045,가방
4046,박자
4047,자란
4048,외우
4049,거치
4050,지저귀
4051,담아내
4052,댓가
4053,계산
4054,물음
4055,젠장
4056,일기장
4057,caper
4058,thriller
4059,sober
4060,cult
4061,horror
4062,cryer
4063,punk
4064,whenver
4065,romance
4066,무채색
4067,삐끗
4068,none
4069,meaning
4070,과대
4071,rather
4072,주제
4073,떨어트리
4074,클럽
4075,진작에
4076,나뉘
4077,빗기
4078,찢기
4079,저거
4080,저년
4081,저래
4082,lier
4083,ade
4084,dot
4085,eyday
4086,veins
4087,js
4088,airones
4089,file
4090,sippin
4091,nother
4092,farther
4093,stoner
4094,loner
4095,사기치
4096,두르
4097,hah
4098,copenhagen
4099,pouches
4100,wintergreen
4101,shoutout
4102,담뱃불
4103,는다고
4104,roses
4105,로만
4106,그다음
4107,이방
4108,이라고
4109,도무지
4110,에우
4111,haze
4112,likely
4113,screwing
4114,gear
4115,heads
4116,pole
4117,cover
4118,비키
4119,wide
4120,op
4121,feet
4122,dawn
4123,lady
4124,wow
4125,힘껏
4126,어항
4127,헤집
4128,변덕
4129,멀찌감치
4130,부품
4131,옭아매
4132,횡단보도
4133,인스턴트
4134,시장터
4135,양상추
4136,피클
4137,패티
4138,사전
4139,걸어다니
4140,운동할려
4141,창세기
4142,레위기
4143,에덴
4144,동산
4145,빼놔
4146,apple
4147,cutie
4148,tea
4149,qt
4150,일요일
4151,중보
4152,몰리
4153,왜냐면
4154,엽기
4155,하나님
4156,갈비뼈
4157,요셉
4158,에스더
4159,이삭
4160,하은
4161,은혜
4162,부활절
4163,크리스마스
4164,증오
4165,나중
4166,잘리
4167,주지
4168,기나길
4169,있잖아
4170,미친
4171,dang
4172,겁먹
4173,과정
4174,자책감
4175,마약
4176,introduce
4177,difficult
4178,bus
4179,선녀
4180,바운드
4181,사하라
4182,척박
4183,기후도
4184,존중
4185,첫째
4186,청하
4187,계집
4188,뒷담
4189,파출소
4190,cop
4191,rule
4192,혓속
4193,writers
4194,베이비
4195,동료
4196,뜯기
4197,짐승
4198,밑천
4199,잔치
4200,무기
4201,생존
4202,제멋대로
4203,주고받
4204,hype
4205,흉내
4206,트랩
4207,trap
4208,half
4209,enemy
4210,손해
4211,반성
4212,과분
4213,note
4214,더없이
4215,diving
4216,everywhere
4217,blicky
4218,tired
4219,breet
4220,sapa
4221,kolo
4222,sir
4223,wan
4224,rollie
4225,ballin
4226,pum
4227,선한
4228,주리
4229,건강히
4230,이쯤
4231,포스트
4232,창법
4233,luck
4234,모랫결
4235,휩쓸리
4236,유독
4237,깨우치
4238,증명
4239,바늘
4240,가망
4241,자리잡
4242,내서
4243,제목
4244,부럽
4245,toxic
4246,lovesick
4247,warned
4248,weaker
4249,nowhere
4250,thinkin
4251,warning
4252,흐름
4253,스포츠
4254,넥스트
4255,zingzingzingzingzing
4256,frustrations
4257,needing
4258,bleeding
4259,survived
4260,riot
4261,use
4262,defy
4263,amidst
4264,nurturing
4265,opening
4266,believing
4267,unbound
4268,shines
4269,spring
4270,picky
4271,bulb
4272,막연
4273,두려워하
4274,드러내
4275,abilty
4276,flames
4277,surrendering
4278,acoustic
4279,grow
4280,폐허
4281,첫날
4282,안식
4283,flying
4284,earth
4285,장이
4286,lubdub
4287,끌어당기
4288,초능력
4289,정반대
4290,type
4291,배짱
4292,전속력
4293,몰입
4294,motion
4295,박동
4296,fault
4297,pretty
4298,fun
4299,섬광
4300,롤러
4301,코스터
4302,텐션
4303,지친
4304,저마다
4305,정신없
4306,gather
4307,ex
4308,boyfriends
4309,flyer
4310,섬망
4311,조작
4312,촛불
4313,두근거리
4314,덜컹
4315,whoever
4316,샛별
4317,스톨
4318,로그
4319,하나하나
4320,마음먹
4321,희비
4322,집착
4323,툭툭
4324,disappear
4325,melts
4326,planned
4327,sec
4328,suite
4329,pool
4330,vow
4331,bow
4332,angels
4333,dishes
4334,tuck
4335,champagne
4336,laundry
4337,relax
4338,haha
4339,오묘
4340,shoes
4341,간단
4342,알아맞히
4343,changed
4344,덮이
4345,흥미
4346,예외
4347,만성
4348,무력
4349,이면
4350,실험
4351,여와
4352,덮어씌우
4353,려고만
4354,비겁
4355,늘어놓
4356,playlist
4357,sonata
4358,dropped
4359,비틀
4360,blend
4361,마침
4362,missin
4363,guessin
4364,action
4365,들이붓
4366,spicy
4367,취향
4368,괴로워
4369,보호
4370,민족
4371,위대
4372,헤롱거리
4373,진한
4374,쏘옥
4375,이빨
4376,드러
4377,흔들어
4378,분명히
4379,ending
4380,lyin
4381,seorita
4382,보문
4383,메아리
4384,듬뿍
4385,피자
4386,을께요
4387,일꾼
4388,희망차
4389,영웅
4390,쭈욱
4391,짓눌리
4392,물러서
4393,retreat
4394,험하
4395,정진
4396,풍성
4397,맞잡
4398,어젯밤
4399,꼬꼬꼬
4400,사가
4401,ㅋㅋㅋㅋ
4402,becomes
4403,안정
4404,학원
4405,세련
4406,cheer
4407,버튼
4408,meme
4409,holla
4410,불꽃놀이
4411,poppin
4412,bobbin
4413,바삐
4414,뛰어나와
4415,군요
4416,secret
4417,villain
4418,born
4419,제대
4420,반칙
4421,날갯짓
4422,빠방
4423,들이켜
4424,rumor
4425,mirror
4426,stone
4427,bridge
4428,clap
4429,새까맣
4430,butter
4431,튀김옷
4432,감칠맛
4433,traveling
4434,sparkle
4435,complicated
4436,구두
4437,규태
4438,신기루
4439,위태
4440,noo
4441,드높
4442,sound
4443,delight
4444,savour
4445,blissful
4446,비틀대
4447,취기
4448,하재
4449,갑작스럽
4450,푸르르
4451,바래져가
4452,걸요
4453,건네주
4454,당당히
4455,철썩
4456,붉은빛
4457,한라산
4458,샛바람
4459,넘실
4460,통곡
4461,동백
4462,봉우리
4463,무수히
4464,더디
4465,어긋나
4466,단호
4467,기뻐하
4468,치유
4469,한지
4470,단정
4471,근사
4472,차려입
4473,어지르
4474,부풀
4475,등불
4476,무언
4477,어설프
4478,ㄹ지라도
4479,곳곳
4480,인지도
4481,ㄹ라요
4482,차도
4483,견디기
4484,가로등
4485,언젠가는
4486,floating
4487,겨울눈
4488,으라
4489,더듬이
4490,피곤하
4491,불행
4492,우울하
4493,우후
4494,두둥실
4495,명의
4496,신호음
4497,삡삡
4498,전신주
4499,진대
4500,poker
4501,tongue
4502,crowd
4503,담담
4504,허투
4505,긴장
4506,까먹
4507,brightest
4508,write
4509,danced
4510,gates
4511,opened
4512,열고
4513,심란
4514,가리워지
4515,순진
4516,이용
4517,잔인
4518,별나
4519,마찬가지
4520,이상한
4521,졸이
4522,beside
4523,느슨
4524,팽팽히
4525,내달리
4526,나마
4527,들여다보
4528,되짚
4529,뒤로하
4530,앞두
4531,oceans
4532,colder
4533,everlasting
4534,배려
4535,겹겹이
4536,어제오늘
4537,또르륵
4538,주말
4539,깊게
4540,파인
4541,제주도
4542,싱그럽
4543,제주
4544,여인
4545,주가
4546,흐드러지
4547,나리
4548,으리
4549,mmmmm
4550,꾹꾹
4551,사락사락
4552,thorn
4553,힘겹
4554,외톨이
4555,순순히
4556,share
4557,유난
4558,이까짓
4559,흐물거리
4560,머쓱
4561,simple
4562,text
4563,evergreen
4564,술자리
4565,찾아다니
4566,빌리
4567,애용
4568,척도
4569,겠다
4570,몸매
4571,어지럽히
4572,우두커니
4573,빼곡히
4574,지배자
4575,fixed
4576,limit
4577,measured
4578,몽마
4579,르뜨
4580,샹젤리제
4581,인상
4582,악세서리
4583,브리
4584,아해
4585,왔다갔다
4586,번만
4587,잃져
4588,반비례
4589,피폐
4590,고객
4591,음성
4592,사서함
4593,insta
4594,profile
4595,특기
4596,우르릉
4597,비장
4598,그저께
4599,막심
4600,바톤
4601,터치
4602,cleansing
4603,stream
4604,woods
4605,least
4606,suffocate
4607,silently
4608,fishies
4609,stones
4610,rocks
4611,제가
4612,bench
4613,los
4614,angeles
4615,names
4616,tom
4617,neither
4618,눈꺼풀
4619,전달
4620,보내기
4621,book
4622,dare
4623,mothers
4624,hurting
4625,anyone
4626,curse
4627,goddamn
4628,soldier
4629,returning
4630,휴대폰
4631,자르
4632,단발머리
4633,네모나
4634,동그랗
4635,하얘지
4636,새까매지
4637,기지개
4638,잠금
4639,원피스
4640,디테일
4641,심연
4642,끄르
4643,교실
4644,끌려다니
4645,몽상
4646,불나방
4647,적적
4648,다소곳이
4649,고귀
4650,말구
4651,손끝에서
4652,가녀리
4653,휘청이
4654,풀이
4655,해치
4656,껍데기
4657,빠져나가
4658,밀려가
4659,점검
4660,벌어지
4661,경계
4662,덧씌이
4663,접히
4664,볼게
4665,바른말
4666,뛰어가
4667,주고
4668,뒷짐
4669,는데요
4670,private
4671,jet
4672,chevy
4673,corvette
4674,silly
4675,smiles
4676,ham
4677,beans
4678,tiny
4679,judge
4680,almond
4681,latte
4682,tomorrows
4683,몰아붙이
4684,탐하
4685,쉬래
4686,과도
4687,asked
4688,date
4689,pretend
4690,mr
4691,guy
4692,desperate
4693,checking
4694,instagram
4695,relation
4696,dara
4697,나무가지
4698,가게
4699,던져두
4700,가격표
4701,최대한
4702,았어도
4703,저런
4704,도돌이
4705,훌쩍
4706,hereits
4707,튕기
4708,감기
4709,덧입히
4710,질기
4711,중복
4712,들마
4713,웃음도
4714,crime
4715,satisfy
4716,withyou
4717,voyage
4718,doubted
4719,telling
4720,fallen
4721,체감
4722,longer
4723,less
4724,selfish
4725,어둑
4726,sey
4727,비련
4728,어렴풋이
4729,얼리
4730,현재
4731,중인
4732,영해
4733,유영
4734,피부과
4735,여드름
4736,표면
4737,울퉁불퉁
4738,보름달
4739,영양
4740,보충
4741,마스크
4742,레이저
4743,치료
4744,monster
4745,mano
4746,babymon
4747,peek
4748,vroom
4749,rum
4750,저러
4751,형용
4752,filled
4753,알콜
4754,focus
4755,tested
4756,worth
4757,styles
4758,release
4759,책임감
4760,조건
4761,shouting
4762,loudly
4763,beating
4764,roaring
4765,undefiable
4766,unbreakable
4767,unbeatable
4768,unkillable
4769,invincible
4770,powerful
4771,admirable
4772,incredible
4773,triumphal
4774,remarkable
4775,살랑이
4776,counting
4777,방법
4778,painful
4779,거잖
4780,dead
4781,길지
4782,reply
4783,없데도
4784,미래도
4785,여주
4786,echoing
4787,도저히
4788,별수
4789,일일
4790,솟구치
4791,baila
4792,conmigo
4793,tiempo
4794,infierno
4795,cierra
4796,tus
4797,ojos
4798,tengas
4799,miedo
4800,amor
4801,bebe
4802,미처
4803,pulling
4804,nightfall
4805,draw
4806,친하
4807,다며
4808,예민
4809,세기
4810,patting
4811,드넓
4812,잔혹
4813,destined
4814,밝혀주
4815,울상
4816,서린
4817,weakness
4818,nicely
4819,힘없이
4820,tv
4821,떠나보내
4822,circles
4823,usual
4824,adores
4825,reminds
4826,badly
4827,ran
4828,muchs
4829,petrifying
4830,초승달
4831,손톱
4832,출구
4833,precious
4834,sinking
4835,favourite
4836,behave
4837,eventually
4838,crawling
4839,neverland
4840,waiti
4841,crushing
4842,splatter
4843,놓아두
4844,구멍
4845,messes
4846,끄적끄적
4847,체로
4848,answers
4849,헤이
4850,시여
4851,살려주
4852,stranger
4853,neighbor
4854,loneliness
4855,오렌지
4856,양배추
4857,생강
4858,구역질
4859,억제
4860,낮추
4861,두통
4862,염증
4863,막아주
4864,참치
4865,생선
4866,영양소
4867,ramen
4868,콜라
4869,cola
4870,토마토
4871,정확히
4872,풍부
4873,식단
4874,올라오
4875,손상
4876,칠면조
4877,불로초
4878,가든
4879,덧없이
4880,dopamine
4881,폭발
4882,바르
4883,어리숙하
4884,무심히
4885,래요
4886,지평선
4887,떠내려가
4888,멀어지고
4889,치밀
4890,양심
4891,가책
4892,가줄
4893,찌릿
4894,아른아른
4895,허파
4896,초점
4897,나간
4898,비상구
4899,비얼음
4900,피기
4901,손등
4902,둥그렇
4903,내딛
4904,유년
4905,촌스럽
4906,외침
4907,숨통
4908,loveless
4909,기여
4910,라오
4911,멍들
4912,gold
4913,fifty
4914,도착지
4915,waterfalls
4916,따사
4917,해에
4918,디디
4919,가짜
4920,visible
4921,ticking
4922,buoyed
4923,joyful
4924,눈물나
4925,하대
4926,광한루
4927,단추
4928,다고요
4929,blamed
4930,ㅂ디다
4931,틀어막
4932,happen
4933,verse
4934,energy
4935,그라스
4936,호통
4937,천년만년
4938,가시밭
4939,가렴
4940,흐트러지
4941,내세
4942,보내고
4943,고소장
4944,작성
4945,어여쁘
4946,남몰래
4947,흑산도
4948,동반
4949,한시
4950,천불
4951,이혼
4952,참고
4953,허구
4954,부여잡
4955,잘되
4956,잘나가
4957,사랑꾼
4958,나깨
4959,일방통행
4960,순정
4961,인건
4962,아리아리
4963,천문대
4964,용문사
4965,부엉이
4966,내성천
4967,오고가
4968,삼강
4969,나룻
4970,꽃나비
4971,이구
4972,앞서
4973,터미널
4974,속도
4975,울렁거리
4976,레이
4977,한바탕
4978,어울어지
4979,그런거잖
4980,외로워해
4981,정열
4982,사세
4983,그동안
4984,툭하면
4985,큰소리
4986,청바지
4987,능금
4988,한낮
4989,물레방아
4990,몰라보
4991,내안
4992,반딧불
4993,추고
4994,추리
4995,족하
4996,마주보
4997,보증서
4998,말고
4999,돈거래
5000,우정
5001,술잔
5002,해선
5003,석자
5004,어떻하
5005,훈련
5006,섹시
5007,전국
5008,팔도
5009,강산
5010,열린
5011,복숭아꽃
5012,매화꽃
5013,게나
5014,천둥
5015,꽃피
5016,떠밀
5017,살맛
5018,꽂이
5019,느냐
5020,꽁꽁
5021,한가
5022,오르막
5023,그만두
5024,내인
5025,열풍
5026,맞대
5027,인심
5028,국산
5029,화도
5030,진의
5031,출출
5032,세숫대야
5033,냉면
5034,부두
5035,헌책방
5036,배다리
5037,송림동
5038,정들
5039,근심
5040,팔랑팔랑
5041,이리저리
5042,쪽쪽
5043,제끼
5044,답니다
5045,구속
5046,이랬다
5047,초인종
5048,뜯어보
5049,무학산
5050,반평생
5051,여생
5052,원앙
5053,비단
5054,금침
5055,복사꽃
5056,그윽
5057,밭일
5058,큰소리치
5059,면목
5060,다가서
5061,가시나
5062,데로
5063,눈코
5064,단짝
5065,콩닥콩닥
5066,팔짝
5067,소풍
5068,만수무
5069,불고
5070,달님
5071,한강
5072,팽기
5073,구미
5074,창피
5075,얼르
5076,중턱
5077,솔로인
5078,영상
5079,시커멓
5080,굿바이
5081,욕구
5082,출렁이
5083,빗줄기
5084,아시나요
5085,단풍잎
5086,만가
5087,접어
5088,고생
5089,이룸
5090,휘어지
5091,복합
5092,풀꽃
5093,미완
5094,유기농
5095,내두
5096,가득가득
5097,그닥
5098,옷깃
5099,몸속
5100,피맺히
5101,서러움
5102,홀씨
5103,맞은편
5104,백의
5105,aton
5106,python
5107,버그
5108,알고리즘
5109,acode
5110,랩소디
5111,봄기운
5112,반경
5113,조밀
5114,서성이
5115,갈색
5116,먼발치
5117,나지막
5118,되도록
5119,프란시스
5120,라이너
5121,마리아
5122,릴케
5123,시인
5124,비둘기
5125,농담
5126,려나
5127,도신
5128,지지면
5129,울림
5130,dry
5131,knew
5132,lasts
5133,greedy
5134,울타리
5135,설거지
5136,삐리
5137,병아리
5138,sining
5139,연체
5140,흐아
5141,운해
5142,연약
5143,approach
5144,귀띔
5145,판매점
5146,터벅
5147,앞치마
5148,plans
5149,거진
5150,stare
5151,vibing
5152,carat
5153,pilow
5154,lotto
5155,입도
5156,바디
5157,초밥
5158,늘리
5159,섭섭
5160,넓적
5161,중독자
5162,헤어나오
5163,저어하
5164,톡톡
5165,untraceable
5166,경계선
5167,헤드라이트
5168,스윽
5169,magic
5170,highlight
5171,flight
5172,cashed
5173,기절
5174,cartier
5175,몽클
5176,왼쪽
5177,동상
5178,영국
5179,bsite
5180,italy
5181,대호
5182,재인
5183,경남
5184,twerk
5185,악수
5186,만수
5187,opps
5188,담비
5189,푼돈
5190,공론
5191,탁상
5192,올라
5193,남포
5194,대표
5195,대기업
5196,사장님
5197,투자
5198,걔넨
5199,전장
5200,스트로
5201,태생
5202,남다르
5203,핏줄
5204,넘쳐나
5205,건방지
5206,qwer
5207,나머지
5208,집에
5209,우뚝
5210,왕좌
5211,임하
5212,도로
5213,멀쩡
5214,흠집
5215,범퍼
5216,차체
5217,스크
5218,자제
5219,연료
5220,쉬쉬
5221,한귀
5222,코리아
5223,추적
5224,ip
5225,해커
5226,한컴
5227,키보드
5228,타이핑
5229,수그리
5230,은폐
5231,한발
5232,정조준
5233,아스팔트
5234,오피스텔
5235,실현
5236,봄비
5237,타격
5238,발언권
5239,객관화
5240,제패
5241,겸상
5242,킬러
5243,재능
5244,없대도
5245,autotune
5246,텅비
5247,galler
5248,노비
5249,양반
5250,분야
5251,veteran
5252,갈증
5253,재수없
5254,사이좋
5255,아웅다웅
5256,downtown
5257,mistaken
5258,어쭙잖
5259,구세주
5260,마스터키
5261,망토
5262,목도리
5263,해열
5264,때지
5265,칼질
5266,사기꾼
5267,타령
5268,부래
5269,피리
5270,새빨개지
5271,헤어져야겠다
5272,모델
5273,모텔
5274,오열
5275,recognize
5276,spent
5277,loop
5278,sample
5279,firework
5280,뒤엎
5281,줄곧
5282,belongs
5283,fireworks
5284,umbrella
5285,흐린
5286,showing
5287,빈자
5288,배고픔
5289,군침
5290,맛깔
5291,잡아먹
5292,인내심
5293,타입
5294,분리수거
5295,내놓
5296,푸념
5297,자동응답
5298,고정
5299,food
5300,한집
5301,아차
5302,살빼
5303,뱃살
5304,옆구리
5305,가증
5306,없애버
5307,작별
5308,그나저나
5309,cm
5310,pro
5311,더럽히
5312,acapella
5313,곱배기
5314,멋쩍
5315,오락가락
5316,detour
5317,grind
5318,unwinds
5319,jungle
5320,spirit
5321,crumble
5322,phoenix
5323,claiming
5324,prize
5325,hiatus
5326,crafting
5327,rhymes
5328,created
5329,alleys
5330,verses
5331,poets
5332,rediscover
5333,letting
5334,resonate
5335,struggle
5336,rhyme
5337,create
5338,underground
5339,mainstream
5340,hunger
5341,lyrical
5342,footprints
5343,sands
5344,drought
5345,stories
5346,narrative
5347,tale
5348,coincide
5349,legend
5350,sagas
5351,컨테이너
5352,허름
5353,새보
5354,불안감
5355,뭉개
5356,ronaldo
5357,웃음꽃
5358,에어
5359,포스
5360,부정적
5361,건데
5362,시꺼멓
5363,패딩
5364,뱉었
5365,chain
5366,almost
5367,touched
5368,milli
5369,작년
5370,억만
5371,장자
5372,노페갓형
5373,fasho
5374,tucked
5375,balling
5376,gelato
5377,kicksicksicks
5378,wrististist
5379,물방울
5380,hundred
5381,얌전
5382,변해
5383,tommy
5384,fat
5385,구입
5386,lame
5387,goofy
5388,rappers
5389,홍대
5390,안받
5391,갈아입
5392,보이스
5393,스모크
5394,전드
5395,메인
5396,스트림
5397,아마추어
5398,보기
5399,lavish
5400,hustling
5401,goals
5402,rapping
5403,개지
5404,중지하
5405,중지
5406,고도
5407,리스크
5408,법전
5409,fxxx
5410,imitation
5411,빡빡이
5412,오명
5413,ayy
5414,savage
5415,폐기
5416,우유
5417,ml
5418,페라리
5419,fxxxing
5420,beach
5421,체취
5422,sweethome
5423,호의
5424,민짜
5425,관계론
5426,졌으
5427,현시점
5428,changes
5429,직행
5430,뻐기
5431,태연히
5432,spit
5433,무드
5434,구매
5435,일은
5436,fxck
5437,시일
5438,도움
5439,보곤
5440,썩이
5441,시티
5442,삼거리
5443,입어
5444,멀뚱멀뚱
5445,버림받
5446,보면
5447,너같
5448,pickin
5449,stunner
5450,banger
5451,miner
5452,diamonds
5453,천만
5454,ooz
5455,토론토
5456,paris
5457,youme
5458,trynna
5459,oooz
5460,반지하
5461,잠실
5462,confirm
5463,리스
5464,간지
5465,구비
5466,필터
5467,빈손
5468,cd
5469,동심
5470,뭉클
5471,벌컥
5472,노래방
5473,집어삼키
5474,cellphone
5475,년월일
5476,가까워
5477,비유
5478,하르방
5479,헌데
5480,doll
5481,돌잔치
5482,지대
5483,겉치레
5484,걷히
5485,식탁
5486,자세
5487,새우
5488,건드리
5489,깨물
5490,부러워하
5491,university
5492,새내기
5493,할아버지
5494,듣보잡
5495,로망
5496,사벽
5497,타짜
5498,강추
5499,다같이
5500,토악질
5501,등산
5502,상흔
5503,살피
5504,내야
5505,잎사귀
5506,의하
5507,적어지
5508,지론
5509,학문적
5510,정립
5511,노고
5512,상념
5513,신앙
5514,신학
5515,시대
5516,일의
5517,묵묵히
5518,수레바퀴
5519,젊은이
5520,안심
5521,처연
5522,녹음
5523,침엽수
5524,활엽수
5525,발아
5526,콩나물
5527,태도
5528,아날로그
5529,디지털
5530,감수성
5531,날아다니
5532,조악
5533,건반
5534,흙먼지
5535,부스러기
5536,편린
5537,생물
5538,불과
5539,조율
5540,악기
5541,음률
5542,조물주
5543,감성
5544,차분
5545,이지러졌다가
5546,밝아지
5547,생태계
5548,사슴
5549,야행성
5550,포식자
5551,동식물
5552,에코
5553,시스템
5554,순환
5555,다큐멘터리
5556,섣불리
5557,뻗치
5558,그늘지
5559,구석
5560,숨어들
5561,생애
5562,미시
5563,관찰
5564,관찰자
5565,과학자
5566,저변
5567,넓히
5568,서적
5569,기초
5570,함부로
5571,들여놓
5572,잉태
5573,이합
5574,집산
5575,인간계
5576,그러하
5577,생장
5578,내뱉
5579,이산화탄소
5580,뱉어대
5581,아무튼
5582,원시림
5583,동화도
5584,에세이
5585,소재
5586,합쳐지는
5587,고스란히
5588,살만
5589,개발
5590,아파트
5591,개척
5592,성정
5593,회개
5594,객기
5595,산림욕
5596,침잠
5597,번잡
5598,겁기
5599,정작
5600,바벨
5601,덧없
5602,한탄
5603,회한
5604,라지
5605,솔로몬
5606,사변
5607,박살나
5608,패배자
5609,북적
5610,북적이
5611,hesitated
5612,froze
5613,forth
5614,asking
5615,experienced
5616,situation
5617,shaking
5618,blueprint
5619,drew
5620,sketchbook
5621,mirage
5622,desert
5623,oasis
5624,oana
5625,store
5626,schedule
5627,acquaintance
5628,internet
5629,narrow
5630,relationship
5631,muster
5632,able
5633,자조
5634,검은색
5635,안쓰럽
5636,기죽
5637,불합격
5638,죄다
5639,수험표
5640,들춰내
5641,랑그
5642,경복궁
5643,훈련소
5644,전날
5645,수료
5646,해방촌
5647,서울역
5648,삼각대
5649,강릉
5650,깜빡하
5651,모래밭
5652,글썽이
5653,해안가
5654,cake
5655,rats
5656,stacking
5657,bitches
5658,volvo
5659,truck
5660,센스
5661,juicy
5662,ferrari
5663,좆같
5664,rapper
5665,rip
5666,beast
5667,feast
5668,cooked
5669,rookies
5670,mustve
5671,forgotten
5672,problems
5673,columns
5674,taintin
5675,swerve
5676,gossip
5677,rebel
5678,nation
5679,alien
5680,spaceship
5681,routes
5682,haters
5683,hating
5684,debatin
5685,sizzle
5686,fry
5687,dread
5688,war
5689,course
5690,plateful
5691,small
5692,playful
5693,throwin
5694,sinners
5695,tune
5696,chopsticks
5697,silver
5698,spoon
5699,wither
5700,noonchi
5701,language
5702,immaculate
5703,source
5704,traveled
5705,labyrinth
5706,cannabis
5707,elaborate
5708,unraveling
5709,unsettling
5710,watercolor
5711,bleed
5712,drinking
5713,underwater
5714,cherry
5715,trees
5716,visions
5717,blurs
5718,render
5719,vivid
5720,ten
5721,cloud
5722,nine
5723,devils
5724,wifi
5725,scifi
5726,nitrous
5727,oxide
5728,fleek
5729,jodeci
5730,guap
5731,louis
5732,vuitton
5733,퐁퐁
5734,mall
5735,mrmusk
5736,mars
5737,balance
5738,karma
5739,tightrope
5740,여유있
5741,정사각형
5742,마름모
5743,cheese
5744,pack
5745,biggie
5746,thou
5747,도파민
5748,dope
5749,카톡
5750,덮어놓
5751,실화
5752,말해서
5753,빼놨
5754,저번
5755,공연장
5756,한명
5757,관객
5758,차야
5759,나이만
5760,추기
5761,열일
5762,간땡이
5763,주정뱅이
5764,비틀어지
5765,한탕
5766,gokim
5767,경직
5768,허수아비
5769,요동
5770,대부분
5771,요구
5772,철저
5773,근접
5774,삼십
5775,년째
5776,수원
5777,극장
5778,부채
5779,지긋지긋하
5780,인물
5781,unbalanced
5782,극적
5783,칼집
5784,accident
5785,stance
5786,tense
5787,논하
5788,실존
5789,검증
5790,happening
5791,직업
5792,인칭
5793,bgm
5794,방백
5795,rollin
5796,fanmade
5797,frowned
5798,hectic
5799,빨갛
5800,secne
5801,ash
5802,religious
5803,어쨌든
5804,공연
5805,지점
5806,수습
5807,되뇌
5808,scout
5809,location
5810,잡음
5811,microphone
5812,cam
5813,야인
5814,반사
5815,frame
5816,shoot
5817,휘두르
5818,snipe
5819,actors
5820,dozer
5821,정신력
5822,함정
5823,재빨리
5824,wire
5825,actor
5826,wise
5827,job
5828,대사
5829,add
5830,lip
5831,언질
5832,아녀
5833,couple
5834,concussed
5835,dust
5836,fucker
5837,trigger
5838,dime
5839,구역
5840,넘보
5841,지시
5842,큰일
5843,comfy
5844,애매모호
5845,두리번거리
5846,려다
5847,정이
5848,미로
5849,도리어
5850,뒷걸음치
5851,지우개
5852,한풀이
5853,역겹
5854,안줏
5855,단칼
5856,깔끔
5857,볼일
5858,필연
5859,덥석
5860,장마
5861,시험지
5862,게시
5863,웃어넘기
5864,끄집어내
5865,속상하
5866,두세
5867,비전
5868,픽션
5869,트램펄린
5870,덤블링
5871,차근히
5872,침착
5873,별거
5874,후련
5875,선인
5876,템포
5877,진이
5878,장례식
5879,맞장구
5880,class
5881,join
5882,impossible
5883,transfer
5884,윗옷
5885,flyin
5886,hole
5887,iphone
5888,그런대로
5889,대수
5890,수척
5891,쳐내
5892,예기
5893,삼시
5894,쳐먹
5895,근성
5896,매트
5897,열중
5898,환각
5899,자채
5900,불효
5901,큰돈
5902,errday
5903,내역
5904,경찰
5905,이동
5906,손목
5907,합의
5908,superstar
5909,배기
5910,진땀
5911,너의
5912,출몰
5913,대머리
5914,이발
5915,문가
5916,비만
5917,기름
5918,비석
5919,쓰레기
5920,geeked
5921,음료
5922,비커
5923,pistol
5924,혼수
5925,애인
5926,시럽
5927,바이
5928,뒷자리
5929,파이터
5930,네임택
5931,deepsik
5932,빵점
5933,꿇리
5934,rocked
5935,물가
5936,lb
5937,치즈
5938,jg
5939,맛탱이
5940,가타
5941,어째
5942,talkin
5943,트렘
5944,트래
5945,nike
5946,tee
5947,shirts
5948,public
5949,figure
5950,앞길
5951,wheres
5952,rival
5953,족적
5954,순위
5955,행보
5956,skys
5957,daylight
5958,daylightdaylight
5959,백수
5960,대중
5961,메시지
5962,achieve
5963,단계
5964,또는
5965,calm
5966,성찰
5967,차분히
5968,아랑곳
5969,slider
5970,liner
5971,savior
5972,family
5973,fee
5974,비수기
5975,발매
5976,industry
5977,tha
5978,impress
5979,stress
5980,japa
5981,chosen
5982,bambi
5983,pocket
5984,criminal
5985,general
5986,환절기
5987,최근
5988,골리
5989,임신
5990,속지
5991,신의
5992,찔금
5993,쿵쾅
5994,비슷
5995,생의
5996,부모
5997,철부지
5998,ㄴ다니
5999,감격적
6000,친절
6001,내년
6002,태명
6003,기원
6004,자녀
6005,seasons
6006,crocs
6007,커플링
6008,chrome
6009,tattoo
6010,닌텐도
6011,인체
6012,해부학
6013,심방
6014,박지
6015,굳히
6016,악착같이
6017,내자
6018,절실
6019,것같
6020,외딴
6021,눈보라
6022,human
6023,fate
6024,destiny
6025,전할
6026,파도치
6027,사장
6028,걷기
6029,과감히
6030,연락처
6031,스래
6032,unlock
6033,기준
6034,조약돌
6035,봄이
6036,게만
6037,지에
6038,랬냔
6039,더미
6040,한풀
6041,왜인
6042,건지
6043,단숨에
6044,ticktack
6045,풀어헤치
6046,몸부림
6047,gettin
6048,makin
6049,sugarcoat
6050,kitty
6051,countdowns
6052,comeback
6053,generation
6054,운동화
6055,lace
6056,연습실
6057,불은
6058,eenie
6059,meenie
6060,miney
6061,moe
6062,pullin
6063,colorful
6064,stoppin
6065,부도
6066,살아나
6067,심청
6068,봉사
6069,고난
6070,무찌르
6071,쑥대
6072,춘향이
6073,한양
6074,이몽룡
6075,암행
6076,어사
6077,출두
6078,리필
6079,뷰티
6080,러브
6081,힘내
6082,한대
6083,넌샌스
6084,영건
6085,앙상블
6086,뮤직
6087,화이트
6088,leavin
6089,ringin
6090,stacks
6091,beginning
6092,ignoring
6093,blinkin
6094,chilling
6095,plea
6096,decree
6097,hunt
6098,angers
6099,frowning
6100,actions
6101,disavowing
6102,anxietys
6103,crowning
6104,dodge
6105,bullet
6106,team
6107,turmoil
6108,pace
6109,urgent
6110,pleadin
6111,heeding
6112,bond
6113,raised
6114,despair
6115,bell
6116,rings
6117,zingzingzingzing
6118,moves
6119,bustling
6120,greater
6121,arise
6122,press
6123,strife
6124,onto
6125,beacon
6126,march
6127,beneath
6128,conflict
6129,abounds
6130,selfishness
6131,prevails
6132,aim
6133,entails
6134,heights
6135,strive
6136,piercing
6137,anthem
6138,guided
6139,oneday
6140,신호등
6141,시그널
6142,번쩍이
6143,bloody
6144,흘러버리
6145,spark
6146,error
6147,chill
6148,귓불
6149,뜨거
6150,근거
6151,과감
6152,guerrilla
6153,careful
6154,remake
6155,매료
6156,짜릿
6157,입꼬리
6158,tick
6159,tock
6160,pitapat
6161,불붙
6162,띄이
6163,속맘
6164,liking
6165,pics
6166,pose
6167,vogue
6168,oooh
6169,bop
6170,admit
6171,outer
6172,race
6173,마크
6174,gentlemen
6175,어린아이
6176,besties
6177,battle
6178,vintage
6179,showy
6180,fancy
6181,안락
6182,신선
6183,yu
6184,비추이
6185,끼치
6186,민낯
6187,secretly
6188,poison
6189,toast
6190,unexpectedly
6191,smart
6192,cookies
6193,yummy
6194,pie
6195,main
6196,creeping
6197,spin
6198,begin
6199,youthful
6200,vibrant
6201,footsteps
6202,sounds
6203,kingdom
6204,creating
6205,temptation
6206,surrounding
6207,falter
6208,섹시하
6209,morse
6210,code
6211,anemoia
6212,영겁
6213,clarity
6214,회귀
6215,베일
6216,신부
6217,mmdon
6218,worryyeah
6219,december
6220,freezing
6221,surrender
6222,bringing
6223,heaven
6224,steady
6225,hotline
6226,딱지
6227,암만
6228,repeat
6229,drownin
6230,poundin
6231,넘어서
6232,talents
6233,열등감
6234,force
6235,틈새
6236,긴장감
6237,노이즈
6238,디크레센
6239,만발
6240,올라타
6241,키스
6242,독백
6243,sleeping
6244,탄생
6245,청순
6246,짠지
6247,조마조마
6248,martini
6249,자면
6250,적당히
6251,노랑
6252,안내서
6253,피로도
6254,회복
6255,평의
6256,물약
6257,오렌지색
6258,치가
6259,용사
6260,교차
6261,빠빠
6262,veil
6263,뛰어넘
6264,flash
6265,brave
6266,plating
6267,백은
6268,item
6269,이로써
6270,regardless
6271,기록하
6272,으응
6273,베리
6274,갸우뚱
6275,힐끗
6276,천방지축
6277,우당탕
6278,팔랑이
6279,반질반질
6280,촐랑이
6281,시무룩
6282,결코
6283,포장
6284,상큼
6285,다양
6286,피그
6287,먼트
6288,또렷
6289,navy
6290,뒤엉키
6291,무지갯빛
6292,저울
6293,개월
6294,막연히
6295,재채기
6296,전체
6297,초심
6298,알갱이
6299,강직
6300,만족
6301,색안경
6302,덧칠
6303,앞서가
6304,등에
6305,때려치
6306,역할
6307,명일
6308,지라
6309,suddenly
6310,skips
6311,lemme
6312,double
6313,beauty
6314,fantasy
6315,pic
6316,fix
6317,loco
6318,과장
6319,초입
6320,자욱이
6321,오아시스
6322,버킷
6323,리스트
6324,로맨스
6325,판타지
6326,액션
6327,시나리오
6328,부정
6329,attention
6330,tension
6331,nuh
6332,rescene
6333,재가
6334,sadness
6335,soft
6336,twist
6337,가차
6338,자비
6339,strawberry
6340,cinnamon
6341,corn
6342,터트리
6343,crushin
6344,날것
6345,껍질
6346,끈적
6347,trauma
6348,쏟아붓
6349,shower
6350,syrup
6351,buff
6352,ayo
6353,재료
6354,차고
6355,menu
6356,delicious
6357,vicious
6358,killa
6359,commotion
6360,shakin
6361,stirrin
6362,drinkin
6363,ho
6364,다물
6365,ridin
6366,드러나
6367,배배
6368,mission
6369,edition
6370,뒤덮
6371,어버이
6372,수없
6373,침략
6374,작지
6375,우수
6376,유산
6377,된장
6378,뭉치
6379,잘살
6380,자존
6381,공경
6382,존댓말
6383,빼앗
6384,공격
6385,승리
6386,계의
6387,태극기
6388,불멸
6389,tear
6390,줄기
6391,쫑긋
6392,끄덕이
6393,박수
6394,들썩거리
6395,지기
6396,지속
6397,굴레
6398,타자
6399,ing
6400,안달이
6401,ladi
6402,dadi
6403,곧바로
6404,부족하
6405,drivin
6406,tastes
6407,credits
6408,기차길
6409,빵글빵글
6410,부추
6411,케이크
6412,생크림
6413,갔쥬
6414,마들렌
6415,시루
6416,났슈
6417,빵지
6418,순례
6419,돌이
6420,빵긋빵긋
6421,돈까스
6422,봤슈
6423,음마
6424,빵집
6425,유명
6426,우동
6427,파스타
6428,밀가루
6429,종합
6430,세트
6431,시공간
6432,살림살이
6433,성실
6434,지역
6435,요행
6436,앞장
6437,결하
6438,추진력
6439,직해
6440,확실히
6441,튼튼
6442,공약
6443,경제
6444,부숴지
6445,무덥
6446,소중히
6447,chicken
6448,양념
6449,바비큐
6450,후라
6451,crowded
6452,erased
6453,twinkles
6454,폰을
6455,셀럽
6456,라이브
6457,방송
6458,쿨하
6459,충분히
6460,샌님
6461,rockin
6462,뻗대
6463,쭈뼛대
6464,스테이지
6465,알아두
6466,버럭버럭
6467,점차
6468,차림새
6469,재끼
6470,소매
6471,쩌렁쩌렁
6472,ai
6473,뻣뻣
6474,굼뜨
6475,손발
6476,uno
6477,dos
6478,tres
6479,앙칼지
6480,pleasure
6481,보지
6482,moved
6483,비행
6484,gloom
6485,래만
6486,덮치
6487,daybreak
6488,thirsty
6489,lips
6490,whyd
6491,revive
6492,fantasize
6493,퍼트리
6494,point
6495,뾰족
6496,needle
6497,perfection
6498,poipoisonous
6499,tasty
6500,choose
6501,trapdoor
6502,shut
6503,glows
6504,shhh
6505,rollercoaster
6506,vain
6507,daisy
6508,영빈
6509,가미
6510,quite
6511,whoz
6512,swag
6513,swing
6514,엉덩
6515,건전지
6516,woz
6517,cocoa
6518,exotic
6519,iconic
6520,아슬아슬
6521,프랑스
6522,cute
6523,treasure
6524,buried
6525,jealous
6526,hellish
6527,치마
6528,움추리
6529,물러나
6530,발밑
6531,빌딩
6532,avenue
6533,옥상
6534,난간
6535,위엄
6536,외줄
6537,새장
6538,속하
6539,wohoh
6540,첫걸음
6541,작품
6542,xodiac
6543,carefree
6544,불장난
6545,말끝
6546,게끔
6547,뜬금없이
6548,몽글
6549,턴지
6550,너가
6551,서리꽃
6552,정거장
6553,애처로워
6554,피아
6555,단단
6556,별과
6557,unlike
6558,expected
6559,품고
6560,위의
6561,안개
6562,완결
6563,동전
6564,유랑
6565,감동적
6566,순애
6567,서막
6568,포즈
6569,기기
6570,축제
6571,인사조
6572,적어도
6573,쪄죠
6574,가느다랗
6575,노라
6576,바라다보
6577,비오
6578,깃들
6579,입김
6580,솔잎
6581,끝맺음
6582,모래알
6583,심정
6584,들꽃
6585,멈칫하
6586,우후후
6587,색다르
6588,인사말
6589,재생
6590,페지
6591,당연히
6592,감성적
6593,향도
6594,향이
6595,유일한
6596,공원
6597,산들거리
6598,길더
6599,손마디
6600,방해
6601,forgiveness
6602,revenge
6603,회을
6604,멋대로
6605,망가뜨리
6606,야죠
6607,라면서
6608,나버린
6609,심해
6610,쥐락펴락
6611,visual
6612,다루
6613,보통
6614,내고
6615,crash
6616,roar
6617,orbit
6618,align
6619,별은
6620,무너뜨리
6621,떠나가줘
6622,헤아리
6623,간도
6624,꽤나
6625,안녕히
6626,나부끼
6627,조그맣
6628,새싹
6629,생이
6630,overdrive
6631,depart
6632,became
6633,tide
6634,arrive
6635,whispers
6636,mirroring
6637,hues
6638,becoming
6639,bathtub
6640,sewer
6641,flowed
6642,deaf
6643,다정히
6644,내보내
6645,저편
6646,까치
6647,일고
6648,부자집
6649,간주
6650,노엽
6651,털레털레
6652,도와주
6653,나줬으
6654,부분
6655,파내
6656,웅덩이
6657,올레
6658,왕국
6659,삭막
6660,핑크빛
6661,보리
6662,새들
6663,리드
6664,나즈막하
6665,일방적
6666,형체
6667,반박
6668,시렵
6669,때우
6670,딱히
6671,우질
6672,보듬
6673,커다란
6674,수소
6675,반가이
6676,귀하
6677,스렁스렁
6678,허니
6679,베풀
6680,confidence
6681,steadily
6682,beatiful
6683,겉옷
6684,스운
6685,함박
6686,별도
6687,되잖
6688,가로막
6689,졸리
6690,몽사
6691,board
6692,쓸어안
6693,곡선
6694,울음
6695,으래
6696,기울
6697,되살
6698,갉아먹
6699,wonderland
6700,fantastic
6701,고래
6702,사이렌
6703,노랫소리
6704,폭포
6705,크림빵
6706,전설
6707,물고
6708,올해
6709,캠코더
6710,냐며
6711,풍기
6712,교체
6713,기록
6714,매실
6715,학년
6716,김승주
6717,마운드
6718,올라서
6719,공이
6720,와인드업
6721,일부러
6722,백하
6723,보라
6724,lovers
6725,기대감
6726,이래저래
6727,대양
6728,대주
6729,선박
6730,글로벌
6731,리더
6732,현대
6733,자꾸나
6734,버릴까
6735,damm
6736,fxxk
6737,말소리
6738,먹먹
6739,지러지
6740,tempo
6741,attitude
6742,wicked
6743,lifted
6744,saw
6745,youbaby
6746,noticing
6747,여느
6748,이어폰
6749,starrin
6750,angry
6751,adore
6752,문소리
6753,봤어도
6754,santa
6755,support
6756,가로수
6757,옹기종기
6758,사이사이
6759,니래
6760,떠지
6761,핏대
6762,자존심
6763,들먹이
6764,cynical
6765,안대
6766,하찮
6767,가져야겠다
6768,어리석
6769,깎아내리
6770,이면서
6771,치켜세우
6772,존심
6773,요령
6774,불평
6775,조바심
6776,최선
6777,부담감
6778,정돈
6779,들추
6780,나침반
6781,별같은
6782,놔주
6783,영하
6784,안가
6785,영화관
6786,상영
6787,대게
6788,애매
6789,대었
6790,자격
6791,두면
6792,나래
6793,중함
6794,진주
6795,관리
6796,매끈매끈
6797,암거
6798,clock
6799,구겨지
6800,healing
6801,말과
6802,처세술
6803,거만
6804,놀래
6805,아이스티
6806,텁텁
6807,핑곗거리
6808,근처
6809,사그라지
6810,발버둥
6811,손바닥
6812,달팽이
6813,비리
6814,pow
6815,띵하
6816,적잖이
6817,충격
6818,홈런
6819,어중이
6820,떠중이
6821,중간
6822,boo
6823,pedal
6824,metal
6825,clack
6826,putem
6827,불태우
6828,하래
6829,압정
6830,이야깃거리
6831,lived
6832,loved
6833,empty
6834,wished
6835,pounding
6836,pew
6837,아등바등
6838,무이
6839,타락
6840,tier
6841,twice
6842,sweared
6843,week
6844,suicide
6845,에워싸
6846,meditation
6847,third
6848,개소
6849,닫어
6850,harder
6851,finder
6852,냉정
6853,라벨
6854,실패자
6855,partying
6856,separate
6857,lives
6858,worlds
6859,ignited
6860,tough
6861,tether
6862,feather
6863,challenge
6864,forgive
6865,쓸데
6866,doin
6867,아른
6868,지수
6869,한이
6870,패이
6871,되새기
6872,everybodys
6873,beaming
6874,fog
6875,fills
6876,rewrote
6877,history
6878,marked
6879,fxxxxx
6880,런지
6881,예상
6882,교환
6883,latenight
6884,걔랑
6885,충고
6886,사양
6887,거름
6888,더러워지
6889,방해해
6890,덮어두
6891,edge
6892,rough
6893,damaged
6894,chains
6895,그깟
6896,적당
6897,바둥바둥
6898,소박
6899,무의미
6900,풀어내
6901,하인드
6902,그지
6903,교복
6904,글씨체
6905,한낱
6906,애기
6907,영악
6908,소문
6909,teaching
6910,waited
6911,echos
6912,satans
6913,wear
6914,흑백
6915,돌멩이
6916,알려주
6917,아함
6918,대기
6919,팔레트
6920,대담
6921,delicioso
6922,estas
6923,haciendo
6924,tengo
6925,te
6926,necesito
6927,pero
6928,veces
6929,toma
6930,corazn
6931,romantico
6932,un
6933,momento
6934,se
6935,acabo
6936,sin
6937,ti
6938,pierdo
6939,은은
6940,운명처럼
6941,shop
6942,세도
6943,장점
6944,너에
6945,이성적
6946,자만
6947,투정
6948,나아지
6949,밀어내
6950,취한
6951,sipping
6952,stacked
6953,bottle
6954,얼룩말
6955,실리도
6956,장막
6957,무질서
6958,필히
6959,가득차
6960,꽃샘
6961,젠지
6962,푸른빛
6963,오프닝
6964,동화
6965,재촉
6966,종착
6967,지르
6968,cotton
6969,장난스레
6970,콧노래
6971,서성거리
6972,노란빛
6973,정원
6974,음음
6975,begged
6976,isyet
6977,방치
6978,비교
6979,급식
6980,소파
6981,bored
6982,stripping
6983,wraps
6984,ledge
6985,beams
6986,waving
6987,afar
6988,parted
6989,thinks
6990,chances
6991,rushing
6992,hardest
6993,seek
6994,exactlys
6995,complicate
6996,실루엣
6997,유리
6998,미터
6999,가의
7000,플러팅
7001,더럽
7002,엎질러지
7003,metter
7004,somethings
7005,후루룩
7006,국수
7007,싫증
7008,entp
7009,미친놈
7010,거쳐가
7011,장사
7012,한심
7013,발악
7014,알파카
7015,갈팡질팡
7016,sacred
7017,perhaps
7018,pale
7019,stolen
7020,fantom
7021,kanye
7022,runaway
7023,lotta
7024,질러지
7025,감히
7026,감촉
7027,풍경화
7028,개미
7029,타래
7030,향연
7031,이사이
7032,녹아들
7033,오도카니
7034,비릿
7035,렵니다
7036,suffer
7037,deeply
7038,낱말
7039,추스리
7040,whichever
7041,become
7042,unsure
7043,highway
7044,racing
7045,blinds
7046,aside
7047,wondering
7048,위궤양
7049,치질
7050,예방
7051,무화과
7052,무화
7053,바나나
7054,요통
7055,없애주
7056,감자
7057,곰팡이
7058,감염
7059,마늘
7060,혈압
7061,건포도
7062,배앓이
7063,콜레스테롤
7064,기침
7065,소화성
7066,경련
7067,캐모
7068,마일
7069,변비
7070,복부
7071,팽만
7072,장내
7073,가스
7074,제거
7075,요구르트
7076,미네랄
7077,콩팥
7078,결석
7079,살구
7080,세로토닌
7081,호르몬
7082,생성
7083,돋구
7084,효과적
7085,퇴치
7086,식습관
7087,주로
7088,함유
7089,두뇌
7090,성분
7091,이롭
7092,기능
7093,가열
7094,올리브유
7095,증가
7096,섬유질
7097,칼로리
7098,함량
7099,반면
7100,베타카로틴
7101,주름
7102,개선
7103,whoooo
7104,노화
7105,유발
7106,디엔에이
7107,활성
7108,체내
7109,세균
7110,침입
7111,면역력
7112,영약
7113,명약
7114,소용돌이
7115,헤메
7116,오진
7117,꾸에
7118,멍하
7119,중한
7120,이윤
7121,하질
7122,혈관
7123,rem
7124,dominate
7125,women
7126,stimulating
7127,pride
7128,five
7129,떠돌아다니
7130,차창
7131,화병
7132,뻗어지
7133,진정하
7134,격하
7135,화살촉
7136,촉촉이
7137,머릿결
7138,속고
7139,이따위
7140,거우
7141,뽐내
7142,울렁울렁
7143,울렁
7144,닭똥
7145,쇠창살
7146,갖히
7147,무의식
7148,알들이
7149,쪼개지
7150,싸늘
7151,fired
7152,긴긴
7153,무던히
7154,방황
7155,이웃집
7156,요리
7157,원숭이
7158,무궁화
7159,건너편
7160,태풍
7161,칠월
7162,헛되이
7163,손가락질하
7164,하얘
7165,아무래도
7166,박동수
7167,비례
7168,상승
7169,그래프
7170,ppt
7171,평점
7172,쓸모없
7173,메모리
7174,candle
7175,jar
7176,voodoo
7177,horoscope
7178,supernatural
7179,groove
7180,crawl
7181,scary
7182,hypnotised
7183,답하
7184,성장
7185,땀방울
7186,베이
7187,죄이
7188,잔재
7189,애증
7190,비틀리
7191,비참
7192,육체
7193,신념
7194,인간성
7195,잠식
7196,자아
7197,paradise
7198,eden
7199,낙원
7200,나락
7201,depressed
7202,killing
7203,넘어오
7204,의미심장
7205,날카롭
7206,편이
7207,이사
7208,숨이
7209,지켜오
7210,실과
7211,저항
7212,구리
7213,경이
7214,귀로
7215,고단
7216,망각
7217,endgame
7218,고되
7219,도심
7220,엎어지
7221,도미노
7222,victim
7223,진흙탕
7224,으시
7225,애꿏
7226,날래
7227,결승선
7228,족쇄
7229,번데기
7230,망망대해
7231,탈출
7232,먹구름
7233,pills
7234,enemies
7235,strangers
7236,wishing
7237,alcohol
7238,지이
7239,꽃들도
7240,이만치
7241,등허리
7242,한껏
7243,짓누르
7244,생채기
7245,기어가
7246,쟤네
7247,evreythings
7248,살펴보
7249,안중
7250,listening
7251,speak
7252,exist
7253,touching
7254,identified
7255,insensitive
7256,exists
7257,boundaries
7258,anyways
7259,가늠
7260,광활
7261,적발
7262,ad
7263,infinitum
7264,parvum
7265,momentum
7266,다스리
7267,광명
7268,시야
7269,깨트리
7270,열한
7271,불리
7272,이따금
7273,까딱하
7274,그따위
7275,욕망
7276,더러운
7277,speed
7278,runway
7279,kinda
7280,worried
7281,planes
7282,bound
7283,sideway
7284,spot
7285,flies
7286,case
7287,missed
7288,mislocated
7289,clocks
7290,zone
7291,minutes
7292,countdown
7293,begins
7294,monday
7295,spare
7296,falls
7297,humanism
7298,merry
7299,tippler
7300,alongside
7301,delightful
7302,atmosphere
7303,emotions
7304,pretenses
7305,올려보
7306,theyve
7307,teardrops
7308,caring
7309,revolution
7310,래줘
7311,무관심
7312,연극
7313,돌리기
7314,풀잎
7315,슬며시
7316,허리께
7317,쓸리
7318,목욕
7319,당혜
7320,신은
7321,극상
7322,세목
7323,보선
7324,갑사
7325,대님
7326,영초단
7327,허리띠
7328,도포
7329,받치
7330,흑사띠
7331,세백저
7332,상침
7333,모초단
7334,도리낭
7335,당팔사
7336,중치막
7337,사단
7338,배자
7339,밀화
7340,밀기름
7341,잠재우
7342,맵시
7343,궁초
7344,댕기
7345,ㄴ다고요
7346,는다고요
7347,매달
7348,삼경
7349,난장
7350,형장
7351,벌리
7352,모호
7353,안도
7354,거점
7355,실려가
7356,우중충하
7357,정오
7358,영월
7359,기점
7360,married
7361,sloth
7362,affair
7363,daling
7364,nightmaresothat
7365,means
7366,depress
7367,describing
7368,key
7369,comprehended
7370,injured
7371,kept
7372,comfortable
7373,risk
7374,tolerated
7375,honestly
7376,emptiness
7377,idea
7378,exception
7379,hated
7380,철석
7381,노닥거리
7382,kleenex
7383,solve
7384,원한
7385,당연시
7386,바라기
7387,ㄹ걸
7388,stunning
7389,starlit
7390,drown
7391,뒤늦
7392,움켜쥐
7393,뒤덮이
7394,dreamed
7395,trapped
7396,ago
7397,hair
7398,selling
7399,complicating
7400,misirable
7401,useless
7402,information
7403,person
7404,killed
7405,greatest
7406,길가
7407,가지런히
7408,해안
7409,형태
7410,돌연히
7411,고하
7412,올바르
7413,익살맞
7414,흑색
7415,왜성
7416,dwarf
7417,화염
7418,행성
7419,reaches
7420,inferno
7421,planets
7422,성나
7423,문명
7424,관대함
7425,번영
7426,fierce
7427,civilizations
7428,burned
7429,generosity
7430,flourished
7431,recalling
7432,secrets
7433,reminiscing
7434,fading
7435,passionate
7436,fervent
7437,zeal
7438,dedicated
7439,children
7440,gazed
7441,shared
7442,warmth
7443,experiences
7444,passed
7445,새별
7446,silhouette
7447,weakened
7448,infinite
7449,annihilation
7450,adlib
7451,일치
7452,힌트
7453,기보
7454,이것저것
7455,recognise
7456,funny
7457,familiar
7458,glasses
7459,greets
7460,prayers
7461,한두
7462,goodbyes
7463,shame
7464,destroying
7465,dimensions
7466,걸음마
7467,painting
7468,ripped
7469,stranded
7470,도통
7471,되레
7472,몰아세우
7473,내하
7474,시원히
7475,형편
7476,특효약
7477,한들
7478,초역
7479,첫차
7480,육지
7481,흘러오
7482,귀향
7483,반자
7484,원수
7485,외나무
7486,뭣하
7487,허구허
7488,파하
7489,스마트
7490,고등
7491,동창
7492,자동차
7493,뻔쩍
7494,뚱하
7495,스트
7496,사냥꾼
7497,외길
7498,재주꾼
7499,막무가내
7500,홍합탕
7501,곱창
7502,청량
7503,골뱅이
7504,무침
7505,한마음
7506,주의
7507,거품
7508,빠뜨리
7509,파전
7510,수육
7511,두부
7512,막걸리
7513,친근
7514,제철
7515,과일
7516,마른
7517,전해질
7518,밤비
7519,인적
7520,아방
7521,풍랑
7522,둘랑
7523,생각합
7524,호되
7525,야단치
7526,주름진
7527,불쑥불쑥
7528,무정
7529,하라
7530,니까요
7531,나팔꽃
7532,해바라기
7533,달맞이꽃
7534,아롱지
7535,물망초
7536,돌담
7537,징검다리
7538,마주잡
7539,안의
7540,각대
7541,쓰나미
7542,있을랍니
7543,주먹
7544,나그네
7545,굽이굽이
7546,천상
7547,맺어
7548,천생
7549,연분
7550,어머님
7551,오래오래
7552,날벼락
7553,애절
7554,열받
7555,타가
7556,한하
7557,이방원
7558,시한
7559,수로
7560,해탈
7561,남의
7562,환희
7563,소록소록
7564,와닿
7565,연초록
7566,진초록
7567,수채화
7568,오가
7569,중하
7570,여라
7571,갈구
7572,ㄴ다오
7573,ㅂ니까
7574,부여
7575,발길
7576,만의사
7577,고갯마루
7578,두견
7579,봉황산
7580,기슭
7581,노송
7582,청풍
7583,소쩍새
7584,케이블카
7585,명동
7586,청계천
7587,뽀뽀
7588,콩콩
7589,달링
7590,익선동
7591,전기
7592,휘젓
7593,샤르
7594,줏대
7595,속없
7596,내성
7597,질대
7598,만만
7599,기막히
7600,매도
7601,밤길
7602,보릿고개
7603,고달프
7604,깨끗이
7605,배신감
7606,왔자나
7607,안보
7608,모든걸
7609,반품
7610,한평생
7611,사정없이
7612,성공도
7613,속절없이
7614,중앙
7615,시장
7616,먹거리
7617,대청호
7618,동물원
7619,수목원
7620,수통
7621,설경
7622,식장
7623,태산
7624,계족산
7625,황토
7626,굴렁쇠
7627,각본
7628,모노
7629,산전수전
7630,장도
7631,빗장
7632,우여곡절
7633,연식
7634,고독
7635,풀벌레
7636,구슬프
7637,하이얗
7638,왈츠
7639,따라다니
7640,반바지
7641,못생기
7642,매우
7643,살길
7644,절반
7645,그중
7646,백배
7647,쌩얼
7648,장미
7649,미모
7650,갑부
7651,쌓아둘
7652,꽂히
7653,만사
7654,형통
7655,청초
7656,분해
7657,쿵쾅쿵쾅
7658,짜증
7659,등대
7660,뱃고동
7661,오륙도
7662,방방곡곡
7663,ㄴ답니다
7664,장구통
7665,신명
7666,엿가락
7667,일세
7668,결심
7669,이틀
7670,자자
7671,려고요
7672,밤거리
7673,연가
7674,달무리
7675,일렁
7676,해피
7677,산새
7678,자유론
7679,사도
7680,정당
7681,섭리
7682,고만
7683,산인
7684,너그럽
7685,engraved
7686,faith
7687,adored
7688,superficial
7689,burdens
7690,오라
7691,창틀
7692,화분
7693,낯익
7694,점도
7695,바이올렛
7696,signal
7697,twinkle
7698,쓰디쓰
7699,별것
7700,나들이
7701,여행자
7702,물결치
7703,되려
7704,quest
7705,완벽히
7706,duty
7707,본캐
7708,부캐
7709,레벨
7710,빠밤빰빰빰
7711,케미스
7712,cpu
7713,cpr
7714,버퍼
7715,보헤미안
7716,land
7717,changing
7718,golden
7719,law
7720,thy
7721,superman
7722,캠퍼스
7723,문도
7724,웅크리
7725,그러안
7726,고마움
7727,흙탕물
7728,차차
7729,쳐지
7730,놔두
7731,혁신
7732,선망
7733,쉬이
7734,와중
7735,삭이
7736,즈음
7737,모조리
7738,어선
7739,밀어넣
7740,ㄹ새
7741,털썩
7742,여리
7743,꽃은
7744,대어
7745,나서
7746,모자람
7747,영인
7748,동경
7749,아스
7750,두터이
7751,크기
7752,투박
7753,빈틈
7754,불러오
7755,빈틈없
7756,지게
7757,약하
7758,회사
7759,얼룩지
7760,잿더미
7761,성은
7762,읽히
7763,으르
7764,서늘
7765,소복소복
7766,엉성
7767,한겨울
7768,따사롭
7769,근해
7770,내이
7771,아로새기
7772,다독
7773,writing
7774,lilies
7775,window
7776,backyards
7777,graveyard
7778,truely
7779,parking
7780,windy
7781,sang
7782,oil
7783,전도
7784,사인
7785,처형
7786,유익
7787,성경
7788,말씀
7789,알로에
7790,먹여주
7791,우리집
7792,관문
7793,준혁이
7794,간밤
7795,산더미
7796,널으
7797,리다
7798,집안일
7799,후라이
7800,된장찌개
7801,일터
7802,샤워
7803,개운
7804,머리칼
7805,손질
7806,녹차
7807,학생
7808,재즈
7809,튜브
7810,별천지
7811,마트
7812,들르
7813,일과
7814,무지
7815,꿈나라
7816,출장
7817,다녀오
7818,반갑
7819,봉투
7820,앙증맞
7821,일본
7822,시시
7823,적이
7824,맛보
7825,지난밤
7826,자욱
7827,남모르
7828,주려
7829,가벼운
7830,한숨짓
7831,피어나는
7832,정겹
7833,간만
7834,await
7835,그게
7836,sheet
7837,lead
7838,가식
7839,소라
7840,고둥
7841,어떠
7842,터널
7843,여기까지
7844,밀림
7845,afford
7846,marry
7847,ashamed
7848,taller
7849,대단
7850,욕심내
7851,긍정
7852,새벽녘
7853,적인
7854,존재적
7855,귀가
7856,실히
7857,채찍
7858,무성
7859,가운데
7860,분수
7861,대본
7862,조연
7863,멋모르
7864,소유
7865,손사래
7866,슬그머니
7867,북풍
7868,열기구
7869,작렬
7870,찌들
7871,죄악
7872,눕히
7873,시덥잖
7874,실은
7875,내먹
7876,치익
7877,끓이
7878,보글보글
7879,모락모락
7880,밥상
7881,방바닥
7882,으아
7883,월급
7884,아으
7885,초도
7886,부천시
7887,괴안동
7888,적자
7889,행여나
7890,새근새근
7891,거림
7892,래져
7893,마구
7894,길목
7895,살의
7896,철없
7897,맑은
7898,서랍
7899,minds
7900,ease
7901,wounds
7902,오죽하
7903,털리
7904,소나
7905,똑바로
7906,게으름
7907,저버리
7908,어진
7909,현관문
7910,부질없이
7911,비행사
7912,우주선
7913,네이버
7914,메일앱
7915,하늘하늘
7916,내내
7917,영롱
7918,예쁘려
7919,그리도
7920,생색
7921,허술
7922,스멀스멀
7923,들이마시
7924,발음
7925,끝자락
7926,채색
7927,낮잠
7928,한마리
7929,헐레벌떡
7930,황금빛
7931,토요일
7932,알바
7933,발표
7934,던지기
7935,분전
7936,이땅
7937,농락
7938,잔디밭
7939,알으키
7940,알자
7941,빼앗기
7942,두터워져
7943,내기
7944,동떨어지
7945,잠그
7946,연해
7947,세서
7948,결단
7949,붕어
7950,합류
7951,민감
7952,짖눌러
7953,finish
